ID;Cruise-ID;Vessel;Obs_Date_ISO;Obs_Date_Excel;Obs_Lat;Obs_Lon;Ice_Conc;RV;Total;no10-50;no50-200;no200-500;no500-1000;gt1000
1;787901;NellaDan;1978-12-13T18:30Z;13/12/1978 18:30;-58.72;111.50;x;x;1;0;0;0;0;0
2;787901;NellaDan;1978-12-13T21:30Z;13/12/1978 21:30;-58.88;110.67;x;x;2;0;0;0;0;0
3;787901;NellaDan;1978-12-13T23:30Z;13/12/1978 23:30;-59.03;110.00;x;x;4;0;0;0;0;0
4;787901;NellaDan;1978-12-14T01:30Z;14/12/1978 1:30;-59.17;109.30;x;x;5;0;0;0;0;0
5;787901;NellaDan;1978-12-14T03:40Z;14/12/1978 3:40;-59.22;109.00;x;x;4;0;0;0;0;0
6;787901;NellaDan;1978-12-14T05:30Z;14/12/1978 5:30;-59.40;108.00;x;x;1;0;0;0;0;0
7;787901;NellaDan;1978-12-15T00:00Z;15/12/1978 0:00;-60.12;101.98;x;x;22;0;0;0;0;0
8;787901;NellaDan;1978-12-15T14:00Z;15/12/1978 14:00;-61.10;98.92;x;x;8;0;0;0;0;0
9;787901;NellaDan;1978-12-16T03:00Z;16/12/1978 3:00;-61.13;93.00;x;x;3;0;0;0;0;0
10;787901;NellaDan;1978-12-17T12:00Z;17/12/1978 12:00;-64.28;92.12;x;x;50;0;0;0;0;0
11;787901;NellaDan;1979-01-16T10:00Z;16/1/1979 10:00;-60.15;93.22;x;x;5;0;0;0;0;0
12;787901;NellaDan;1979-01-16T12:00Z;16/1/1979 12:00;-59.90;94.00;x;x;3;0;0;0;0;0
13;787901;NellaDan;1979-01-16T14:00Z;16/1/1979 14:00;-59.68;94.68;x;x;12;0;0;0;0;0
14;787901;NellaDan;1979-01-16T16:00Z;16/1/1979 16:00;-59.45;95.32;x;x;10;0;0;0;0;0
15;787901;NellaDan;1979-01-16T18:00Z;16/1/1979 18:00;-59.28;95.22;x;x;3;0;0;0;0;0
16;787901;NellaDan;1979-01-16T20:00Z;16/1/1979 20:00;-59.10;96.42;x;x;7;0;0;0;0;0
17;787901;NellaDan;1979-01-16T22:00Z;16/1/1979 22:00;-58.88;97.00;x;x;4;0;0;0;0;0
18;787901;NellaDan;1979-01-17T00:00Z;17/1/1979 0:00;-58.68;97.63;x;x;4;0;0;0;0;0
19;787901;NellaDan;1979-01-17T04:00Z;17/1/1979 4:00;-58.23;98.90;x;x;1;0;0;0;0;0
20;787901;NellaDan;1979-01-17T06:00Z;17/1/1979 6:00;-58.05;99.62;x;x;3;0;0;0;0;0
21;787901;NellaDan;1979-01-17T08:00Z;17/1/1979 8:00;-57.92;99.88;x;x;3;0;0;0;0;0
22;787901;NellaDan;1979-01-17T10:00Z;17/1/1979 10:00;-57.70;100.50;x;x;7;0;0;0;0;0
23;787901;NellaDan;1979-01-17T12:00Z;17/1/1979 12:00;-57.45;101.68;x;x;4;0;0;0;0;0
24;787903;ThalaDan;1979-01-26T06:15Z;26/1/1979 6:15;-60.40;123.83;x;x;3;2;0;1;0;0
25;787903;ThalaDan;1979-01-26T07:25Z;26/1/1979 7:25;-60.50;123.47;x;x;4;3;1;0;0;0
26;787903;ThalaDan;1979-01-26T11:15Z;26/1/1979 11:15;-60.98;121.70;x;x;2;0;0;0;0;0
27;787903;ThalaDan;1979-01-26T15:30Z;26/1/1979 15:30;-61.30;121.33;x;x;13;0;0;0;0;0
28;787903;ThalaDan;1979-01-27T00:15Z;27/1/1979 0:15;-61.68;119.93;x;x;6;3;1;1;1;0
29;787903;ThalaDan;1979-01-27T01:45Z;27/1/1979 1:45;-61.73;119.93;x;x;3;0;2;1;0;0
30;787903;ThalaDan;1979-01-27T03:00Z;27/1/1979 3:00;-61.30;121.15;x;x;7;0;0;0;0;0
31;787903;ThalaDan;1979-01-27T04:00Z;27/1/1979 4:00;-61.43;120.72;x;x;5;0;0;0;0;0
32;787903;ThalaDan;1979-01-27T05:10Z;27/1/1979 5:10;-62.07;119.92;x;x;1;1;0;0;0;0
33;787903;ThalaDan;1979-01-27T06:00Z;27/1/1979 6:00;-61.45;120.65;x;x;2;0;1;1;0;0
34;787903;ThalaDan;1979-01-27T07:00Z;27/1/1979 7:00;-61.53;120.32;x;x;8;0;0;0;0;0
35;787903;ThalaDan;1979-01-27T07:45Z;27/1/1979 7:45;-62.25;119.17;x;x;1;1;0;0;0;0
36;787903;ThalaDan;1979-01-27T08:15Z;27/1/1979 8:15;-62.25;118.17;x;x;2;0;1;1;0;0
37;787903;ThalaDan;1979-01-27T09:00Z;27/1/1979 9:00;-61.67;119.92;x;x;12;0;0;0;0;0
38;787903;ThalaDan;1979-01-27T09:45Z;27/1/1979 9:45;-62.47;118.55;x;x;3;0;1;2;0;0
39;787903;ThalaDan;1979-01-27T11:00Z;27/1/1979 11:00;-62.47;117.55;x;x;4;0;2;2;0;0
40;787903;ThalaDan;1979-01-27T13:00Z;27/1/1979 13:00;-61.97;119.25;x;x;5;0;0;0;0;0
41;787903;ThalaDan;1979-01-27T14:00Z;27/1/1979 14:00;-62.50;117.17;x;x;20;0;0;0;0;0
42;787903;ThalaDan;1979-01-27T15:00Z;27/1/1979 15:00;-62.13;118.68;x;x;4;0;0;0;0;0
43;787903;ThalaDan;1979-01-27T16:00Z;27/1/1979 16:00;-62.93;116.25;x;x;22;0;0;0;0;0
44;787903;ThalaDan;1979-01-27T17:00Z;27/1/1979 17:00;-62.25;118.00;x;x;6;0;0;0;0;0
45;787903;ThalaDan;1979-01-27T18:00Z;27/1/1979 18:00;-62.47;117.55;x;x;12;0;0;0;0;0
46;787903;ThalaDan;1979-01-27T20:00Z;27/1/1979 20:00;-62.67;117.17;x;x;16;0;0;0;0;0
47;787903;ThalaDan;1979-01-27T21:00Z;27/1/1979 21:00;-63.65;118.17;x;x;18;0;0;0;0;0
48;787903;ThalaDan;1979-01-27T22:35Z;27/1/1979 22:35;-62.58;120.20;x;x;4;0;2;1;1;0
49;787903;ThalaDan;1979-02-07T22:00Z;7/2/1979 22:00;-62.50;114.83;x;x;22;0;0;0;0;0
50;787903;ThalaDan;1979-02-08T04:00Z;8/2/1979 4:00;-61.83;116.67;x;x;13;0;0;0;0;0
51;787903;ThalaDan;1979-02-08T06:30Z;8/2/1979 6:30;-61.57;117.33;x;x;4;0;0;0;0;0
52;787903;ThalaDan;1979-02-08T07:40Z;8/2/1979 7:40;-61.32;117.87;x;x;1;1;0;0;0;0
53;787903;ThalaDan;1979-02-08T08:00Z;8/2/1979 8:00;-61.32;117.87;x;x;5;0;0;0;0;0
54;787903;ThalaDan;1979-02-08T11:00Z;8/2/1979 11:00;-61.08;118.77;x;x;5;0;0;0;0;0
55;787903;ThalaDan;1979-02-08T11:45Z;8/2/1979 11:45;-61.08;119.17;x;x;2;2;0;0;0;0
56;787903;ThalaDan;1979-02-08T12:00Z;8/2/1979 12:00;-61.12;119.20;x;x;1;0;0;0;0;0
57;787903;ThalaDan;1979-02-11T01:00Z;11/2/1979 1:00;-57.65;140.90;x;x;1;0;0;1;0;0
58;787904;NellaDan;1979-02-08T08:30Z;8/2/1979 8:30;-58.42;108.08;x;x;3;0;0;0;0;0
59;787904;NellaDan;1979-02-08T18:30Z;8/2/1979 18:30;-59.00;105.23;x;x;2;0;0;0;0;0
60;787904;NellaDan;1979-02-08T22:00Z;8/2/1979 22:00;-59.20;104.25;x;x;3;0;0;0;0;0
61;787904;NellaDan;1979-02-09T00:00Z;9/2/1979 0:00;-59.40;103.65;x;x;4;0;0;0;0;0
62;787904;NellaDan;1979-02-09T02:00Z;9/2/1979 2:00;-60.73;98.98;x;x;4;0;0;0;0;0
63;787904;NellaDan;1979-02-09T03:30Z;9/2/1979 3:30;-59.67;100.68;x;x;5;0;0;0;0;0
64;787904;NellaDan;1979-02-09T05:00Z;9/2/1979 5:00;-59.82;102.02;x;x;4;0;0;0;0;0
65;787904;NellaDan;1979-02-09T07:30Z;9/2/1979 7:30;-60.05;101.20;x;x;3;0;0;0;0;0
66;787904;NellaDan;1979-02-09T10:00Z;9/2/1979 10:00;-60.30;100.35;x;x;5;0;0;0;0;0
67;787904;NellaDan;1979-02-09T12:00Z;9/2/1979 12:00;-60.52;99.70;x;x;7;0;0;0;0;0
68;787904;NellaDan;1979-02-09T20:20Z;9/2/1979 20:20;-61.28;97.07;x;x;15;0;0;0;0;0
69;787904;NellaDan;1979-02-09T22:00Z;9/2/1979 22:00;-61.40;96.62;x;x;4;0;0;0;0;0
70;787904;NellaDan;1979-02-10T00:00Z;10/2/1979 0:00;-61.58;95.97;x;x;1;0;0;0;0;0
71;787904;NellaDan;1979-02-10T04:30Z;10/2/1979 4:30;-61.77;95.32;x;x;2;0;0;0;0;0
72;787904;NellaDan;1979-02-10T10:00Z;10/2/1979 10:00;-62.23;93.42;x;x;2;0;0;0;0;0
73;787904;NellaDan;1979-02-10T12:00Z;10/2/1979 12:00;-62.27;93.07;x;x;1;0;0;0;0;0
74;787904;NellaDan;1979-02-10T22:00Z;10/2/1979 22:00;-62.97;90.32;x;x;16;0;0;0;0;0
75;787904;NellaDan;1979-02-11T00:00Z;11/2/1979 0:00;-63.13;89.58;x;x;18;0;0;0;0;0
76;787904;NellaDan;1979-02-11T02:00Z;11/2/1979 2:00;-63.37;88.83;x;x;4;0;0;0;0;0
77;787904;NellaDan;1979-02-11T03:40Z;11/2/1979 3:40;-63.53;88.23;x;x;5;0;0;0;0;0
78;787904;NellaDan;1979-02-11T06:00Z;11/2/1979 6:00;-63.78;87.77;x;x;4;0;0;0;0;0
79;787904;NellaDan;1979-02-11T08:00Z;11/2/1979 8:00;-63.88;86.65;x;x;4;0;0;0;0;0
80;787904;NellaDan;1979-02-11T11:00Z;11/2/1979 11:00;-64.13;85.75;x;x;5;0;0;0;0;0
81;787904;NellaDan;1979-02-11T15:00Z;11/2/1979 15:00;-64.53;85.42;x;x;1;0;0;0;0;0
82;787904;NellaDan;1979-02-12T01:00Z;12/2/1979 1:00;-65.40;80.68;x;x;15;0;0;0;0;0
83;787904;NellaDan;1979-02-12T09:45Z;12/2/1979 9:45;-66.45;77.82;x;x;25;0;0;0;0;0
84;787904;NellaDan;1979-02-12T15:00Z;12/2/1979 15:00;-67.63;73.98;x;x;3;0;0;0;0;0
85;787904;NellaDan;1979-02-12T17:00Z;12/2/1979 17:00;-67.37;75.98;x;x;1;0;0;0;0;0
86;787904;NellaDan;1979-02-12T19:00Z;12/2/1979 19:00;-67.23;72.40;x;x;3;0;0;0;0;0
87;787904;NellaDan;1979-02-12T21:00Z;12/2/1979 21:00;-67.08;72.07;x;x;5;0;0;0;0;0
88;787904;NellaDan;1979-02-12T23:00Z;12/2/1979 23:00;-66.92;71.47;x;x;3;0;0;0;0;0
89;787904;NellaDan;1979-02-16T01:00Z;16/2/1979 1:00;-66.67;70.60;x;x;7;0;0;0;0;0
90;787904;NellaDan;1979-02-16T03:30Z;16/2/1979 3:30;-66.58;69.48;x;x;37;0;0;0;0;0
91;787904;NellaDan;1979-02-16T05:00Z;16/2/1979 5:00;-66.52;66.70;x;x;30;0;0;0;0;0
92;787904;NellaDan;1979-02-16T08:00Z;16/2/1979 8:00;-66.53;67.35;x;x;28;0;0;0;0;0
93;787904;NellaDan;1979-02-16T10:00Z;16/2/1979 10:00;-66.55;66.32;x;x;36;0;0;0;0;0
94;787904;NellaDan;1979-02-16T12:00Z;16/2/1979 12:00;-66.55;65.32;x;x;14;0;0;0;0;0
95;787904;NellaDan;1979-02-16T14:00Z;16/2/1979 14:00;-66.63;64.32;x;x;21;0;0;0;0;0
96;787904;NellaDan;1979-02-17T04:00Z;17/2/1979 4:00;-67.28;62.88;x;x;1;0;0;0;0;0
97;787904;NellaDan;1979-02-25T22:00Z;25/2/1979 22:00;-65.98;64.42;x;x;5;0;0;0;0;0
98;787904;NellaDan;1979-02-26T00:00Z;26/2/1979 0:00;-65.65;64.72;x;x;3;0;0;0;0;0
99;787904;NellaDan;1979-02-26T02:20Z;26/2/1979 2:20;-65.30;65.27;x;x;3;0;0;0;0;0
100;787904;NellaDan;1979-02-26T04:00Z;26/2/1979 4:00;-65.23;66.67;x;x;3;0;0;0;0;0
101;787904;NellaDan;1979-02-26T06:00Z;26/2/1979 6:00;-65.23;67.10;x;x;4;0;0;0;0;0
102;787904;NellaDan;1979-02-26T14:00Z;26/2/1979 14:00;-65.20;71.02;x;x;2;0;0;0;0;0
103;787904;NellaDan;1979-02-27T05:00Z;27/2/1979 5:00;-65.15;76.52;x;x;1;0;0;0;0;0
104;787904;NellaDan;1979-02-27T09:00Z;27/2/1979 9:00;-65.32;78.23;x;x;4;0;0;0;0;0
105;787904;NellaDan;1979-02-28T00:45Z;28/2/1979 0:45;-65.28;82.13;x;x;4;0;0;0;0;0
106;787904;NellaDan;1979-02-28T01:30Z;28/2/1979 1:30;-65.22;82.42;x;x;3;0;0;0;0;0
107;787904;NellaDan;1979-02-28T02:00Z;28/2/1979 2:00;-65.22;82.10;x;x;4;0;0;0;0;0
108;787904;NellaDan;1979-02-28T03:00Z;28/2/1979 3:00;-65.28;82.95;x;x;4;0;0;0;0;0
109;787904;NellaDan;1979-02-28T04:30Z;28/2/1979 4:30;-65.30;83.15;x;x;1;0;0;0;0;0
110;787904;NellaDan;1979-02-28T05:00Z;28/2/1979 5:00;-65.33;83.70;x;x;11;0;0;0;0;0
111;787904;NellaDan;1979-02-28T06:00Z;28/2/1979 6:00;-65.30;83.32;x;x;2;0;0;0;0;0
112;787904;NellaDan;1979-02-28T06:45Z;28/2/1979 6:45;-65.33;84.27;x;x;17;0;0;0;0;0
113;787904;NellaDan;1979-02-28T08:00Z;28/2/1979 8:00;-65.30;84.73;x;x;15;0;0;0;0;0
114;787904;NellaDan;1979-02-28T10:00Z;28/2/1979 10:00;-65.17;84.83;x;x;3;0;0;0;0;0
115;787904;NellaDan;1979-02-28T11:00Z;28/2/1979 11:00;-65.05;85.40;x;x;22;0;0;0;0;0
116;787904;NellaDan;1979-02-28T12:00Z;28/2/1979 12:00;-64.88;85.70;x;x;4;0;0;0;0;0
117;787904;NellaDan;1979-02-28T12:30Z;28/2/1979 12:30;-64.87;86.17;x;x;7;0;0;0;0;0
118;787904;NellaDan;1979-02-28T13:15Z;28/2/1979 13:15;-64.67;86.57;x;x;9;0;0;0;0;0
119;787904;NellaDan;1979-02-28T14:00Z;28/2/1979 14:00;-64.67;86.57;x;x;1;0;0;0;0;0
120;787904;NellaDan;1979-02-28T20:30Z;28/2/1979 20:30;-64.08;89.23;x;x;1;0;0;0;0;0
121;787904;NellaDan;1979-02-28T21:30Z;28/2/1979 21:30;-63.90;89.62;x;x;1;0;0;0;0;0
122;787904;NellaDan;1979-02-28T22:30Z;28/2/1979 22:30;-63.77;90.05;x;x;1;0;0;0;0;0
123;787904;NellaDan;1979-02-28T23:50Z;28/2/1979 23:50;-63.65;90.55;x;x;1;0;0;0;0;0
124;787904;NellaDan;1979-03-02T00:00Z;2/3/1979 0:00;-60.70;99.00;x;x;9;0;0;0;0;0
125;787904;NellaDan;1979-03-02T01:30Z;2/3/1979 1:30;-60.33;99.93;x;x;4;0;0;0;0;0
126;787904;NellaDan;1979-03-02T05:00Z;2/3/1979 5:00;-60.08;100.57;x;x;21;0;0;0;0;0
127;787904;NellaDan;1979-03-02T07:00Z;2/3/1979 7:00;-59.85;101.00;x;x;10;0;0;0;0;0
128;787904;NellaDan;1979-03-02T09:00Z;2/3/1979 9:00;-59.52;102.00;x;x;4;0;0;0;0;0
129;787904;NellaDan;1979-03-02T11:00Z;2/3/1979 11:00;-59.37;102.42;x;x;3;0;0;0;0;0
130;787904;NellaDan;1979-03-02T13:00Z;2/3/1979 13:00;-59.12;102.95;x;x;4;0;0;0;0;0
131;787904;NellaDan;1979-03-02T15:00Z;2/3/1979 15:00;-58.83;103.27;x;x;7;0;0;0;0;0
132;787904;NellaDan;1979-03-02T17:00Z;2/3/1979 17:00;-58.57;103.38;x;x;1;0;0;0;0;0
133;787904;NellaDan;1979-03-03T23:00Z;3/3/1979 23:00;-57.73;103.93;x;x;1;0;0;0;0;0
134;787904;NellaDan;1979-03-04T21:00Z;4/3/1979 21:00;-55.52;110.28;x;x;1;0;0;0;0;0
135;787905;NotANARE;1979-02-28T00:00Z;28/2/1979 0:00;-63.87;113.53;x;x;15;0;0;0;0;0
136;787905;NotANARE;1979-02-28T02:00Z;28/2/1979 2:00;-64.08;112.92;x;x;16;0;0;0;0;0
137;787905;NotANARE;1979-02-28T03:15Z;28/2/1979 3:15;-64.18;112.67;x;x;3;0;1;2;0;0
138;787905;NotANARE;1979-02-28T04:00Z;28/2/1979 4:00;-64.33;112.08;x;x;6;0;0;0;0;0
139;787905;NotANARE;1979-02-28T06:15Z;28/2/1979 6:15;-64.60;111.33;x;x;11;0;0;0;0;0
140;787905;NotANARE;1979-02-28T06:25Z;28/2/1979 6:25;-64.60;111.33;x;x;1;0;0;1;0;0
141;787905;NotANARE;1979-02-28T07:05Z;28/2/1979 7:05;-64.67;110.92;x;x;3;0;1;1;1;0
142;787905;NotANARE;1979-02-28T08:00Z;28/2/1979 8:00;-64.75;110.42;x;x;8;0;0;0;0;0
143;787905;NotANARE;1979-02-28T10:00Z;28/2/1979 10:00;-64.92;109.67;x;x;10;0;0;0;0;0
144;787905;NotANARE;1979-02-28T11:30Z;28/2/1979 11:30;-65.00;109.17;x;x;21;0;0;0;0;0
145;798001;NellaDan;1979-11-18T09:00Z;18/11/1979 9:00;-59.28;89.33;x;x;1;0;0;0;0;0
146;798001;NellaDan;1979-11-18T17:01Z;18/11/1979 17:01;-59.65;86.72;x;x;1;0;0;0;0;0
147;798001;NellaDan;1979-11-19T17:40Z;19/11/1979 17:40;-62.08;80.27;x;x;14;0;0;0;0;0
148;798001;NellaDan;1979-11-19T19:15Z;19/11/1979 19:15;-62.37;80.05;x;x;22;0;0;0;0;0
149;798001;NellaDan;1979-11-19T22:35Z;19/11/1979 22:35;-62.63;79.50;x;x;18;0;0;0;0;0
150;798001;NellaDan;1979-11-19T23:03Z;19/11/1979 23:03;-62.72;79.38;x;x;30;0;0;0;0;0
151;798001;NellaDan;1979-11-20T00:52Z;20/11/1979 0:52;-62.88;78.98;x;x;10;0;0;0;0;0
152;798001;NellaDan;1979-11-20T02:58Z;20/11/1979 2:58;-63.12;78.33;x;x;28;0;0;0;0;0
153;798001;NellaDan;1979-11-20T04:53Z;20/11/1979 4:53;-63.22;78.50;x;x;5;0;0;0;0;0
154;798001;NellaDan;1979-11-20T09:00Z;20/11/1979 9:00;-63.62;78.17;x;x;14;0;0;0;0;0
155;798001;NellaDan;1979-11-20T12:07Z;20/11/1979 12:07;-63.95;77.82;x;x;10;0;0;0;0;0
156;798001;NellaDan;1979-11-20T16:43Z;20/11/1979 16:43;-64.18;77.77;x;x;5;0;0;0;0;0
157;798001;NellaDan;1979-11-21T01:00Z;21/11/1979 1:00;-64.55;77.35;x;x;8;0;0;0;0;0
158;798001;NellaDan;1979-11-21T13:20Z;21/11/1979 13:20;-64.92;77.30;x;x;7;0;0;0;0;0
159;798001;NellaDan;1979-11-21T20:00Z;21/11/1979 20:00;-64.38;77.57;x;x;7;0;0;0;0;0
160;798001;NellaDan;1979-11-22T03:00Z;22/11/1979 3:00;-63.75;77.37;x;x;7;0;0;0;0;0
161;798001;NellaDan;1979-11-22T04:30Z;22/11/1979 4:30;-63.45;77.30;x;x;4;0;0;0;0;0
162;798001;NellaDan;1979-11-22T07:00Z;22/11/1979 7:00;-63.05;77.58;x;x;8;0;0;0;0;0
163;798001;NellaDan;1979-11-22T09:00Z;22/11/1979 9:00;-62.85;77.37;x;x;8;0;0;0;0;0
164;798001;NellaDan;1979-11-22T10:50Z;22/11/1979 10:50;-62.68;77.05;x;x;6;0;0;0;0;0
165;798001;NellaDan;1979-11-22T20:26Z;22/11/1979 20:26;-61.88;75.08;x;x;18;0;0;0;0;0
166;798001;NellaDan;1979-11-22T23:16Z;22/11/1979 23:16;-61.83;74.13;x;x;5;0;0;0;0;0
167;798001;NellaDan;1979-11-23T01:50Z;23/11/1979 1:50;-61.83;74.13;x;x;4;0;0;0;0;0
168;798001;NellaDan;1979-11-23T04:03Z;23/11/1979 4:03;-61.82;72.07;x;x;6;0;0;0;0;0
169;798001;NellaDan;1979-11-23T09:30Z;23/11/1979 9:30;-61.73;70.15;x;x;3;0;0;0;0;0
170;798001;NellaDan;1979-11-23T11:15Z;23/11/1979 11:15;-61.75;69.62;x;x;1;0;0;0;0;0
171;798001;NellaDan;1979-11-23T13:00Z;23/11/1979 13:00;-61.80;68.97;x;x;1;0;0;0;0;0
172;798001;NellaDan;1979-11-23T15:03Z;23/11/1979 15:03;-61.80;68.43;x;x;3;0;0;0;0;0
173;798001;NellaDan;1979-11-23T16:56Z;23/11/1979 16:56;-61.68;68.13;x;x;5;0;0;0;0;0
174;798001;NellaDan;1979-11-24T06:55Z;24/11/1979 6:55;-62.53;64.08;x;x;2;0;0;0;0;0
175;798001;NellaDan;1979-11-24T09:01Z;24/11/1979 9:01;-62.85;64.10;x;x;3;0;0;0;0;0
176;798001;NellaDan;1979-11-24T11:01Z;24/11/1979 11:01;-63.08;64.15;x;x;3;0;0;0;0;0
177;798001;NellaDan;1979-11-24T17:10Z;24/11/1979 17:10;-63.80;64.23;x;x;1;0;0;0;0;0
178;798001;NellaDan;1979-11-25T00:23Z;25/11/1979 0:23;-64.80;63.50;x;x;2;0;0;0;0;0
179;798001;NellaDan;1979-11-25T03:52Z;25/11/1979 3:52;-65.07;63.35;x;x;1;0;0;0;0;0
180;798001;NellaDan;1979-11-25T06:30Z;25/11/1979 6:30;-65.18;63.18;x;x;4;0;0;0;0;0
181;798001;NellaDan;1979-11-25T13:55Z;25/11/1979 13:55;-65.77;62.38;x;x;7;0;0;0;0;0
182;798001;NellaDan;1979-11-25T16:15Z;25/11/1979 16:15;-66.05;62.52;x;x;3;0;0;0;0;0
183;798001;NellaDan;1979-11-25T18:18Z;25/11/1979 18:18;-66.30;62.80;x;x;6;0;0;0;0;0
184;798002;ThalaDan;1980-02-04T21:15Z;4/2/1980 21:15;-58.73;134.27;x;x;1;0;0;0;0;0
185;798002;ThalaDan;1980-02-05T22:44Z;5/2/1980 22:44;-61.27;127.33;x;x;4;0;0;0;0;0
186;798002;ThalaDan;1980-02-06T07:42Z;6/2/1980 7:42;-62.25;124.50;x;x;2;0;0;0;0;0
187;798002;ThalaDan;1980-02-06T10:03Z;6/2/1980 10:03;-62.52;123.77;x;x;2;0;0;0;0;0
188;798002;ThalaDan;1980-02-06T12:30Z;6/2/1980 12:30;-62.73;122.97;x;x;14;0;0;0;0;0
189;798002;ThalaDan;1980-02-06T25:42Z;6/2/1980 25:42;-62.03;125.18;x;x;1;0;0;0;0;0
190;798002;ThalaDan;1980-02-17T23:30Z;17/2/1980 23:30;-64.88;111.82;x;x;5;4;1;0;0;0
191;798002;ThalaDan;1980-02-18T00:45Z;18/2/1980 0:45;-64.82;112.33;x;x;1;0;1;0;0;0
192;798002;ThalaDan;1980-02-18T01:30Z;18/2/1980 1:30;-64.78;112.68;x;x;9;8;0;1;0;0
193;798002;ThalaDan;1980-02-18T01:55Z;18/2/1980 1:55;-64.77;112.87;x;x;1;0;0;0;0;0
194;798002;ThalaDan;1980-02-18T03:40Z;18/2/1980 3:40;-64.72;113.65;x;x;11;0;0;0;0;0
195;798002;ThalaDan;1980-02-18T04:22Z;18/2/1980 4:22;-64.70;113.95;x;x;2;0;2;0;0;0
196;798002;ThalaDan;1980-02-18T05:45Z;18/2/1980 5:45;-64.65;114.55;x;x;5;0;0;0;0;0
197;798002;ThalaDan;1980-02-18T07:50Z;18/2/1980 7:50;-64.60;115.48;x;x;6;0;0;0;0;0
198;798002;ThalaDan;1980-02-18T10:00Z;18/2/1980 10:00;-64.60;116.40;x;x;2;0;0;0;0;0
199;798002;ThalaDan;1980-02-18T12:20Z;18/2/1980 12:20;-64.50;117.40;x;x;1;0;0;0;0;0
200;798002;ThalaDan;1980-02-18T23:30Z;18/2/1980 23:30;-64.50;122.58;x;x;2;0;0;0;0;0
201;798002;ThalaDan;1980-02-19T01:30Z;19/2/1980 1:30;-64.52;123.65;x;x;2;0;0;0;0;0
202;798002;ThalaDan;1980-02-19T07:50Z;19/2/1980 7:50;-64.48;126.25;x;x;1;0;0;0;0;0
203;798002;ThalaDan;1980-02-19T09:55Z;19/2/1980 9:55;-64.52;127.20;x;x;3;2;1;0;0;0
204;798002;ThalaDan;1980-02-19T10:00Z;19/2/1980 10:00;-64.52;127.20;x;x;1;0;0;0;0;0
205;798002;ThalaDan;1980-02-19T22:30Z;19/2/1980 22:30;-64.55;132.38;x;x;1;0;0;0;0;0
206;798002;ThalaDan;1980-02-20T00:50Z;20/2/1980 0:50;-64.55;133.43;x;x;2;0;0;0;0;0
207;798002;ThalaDan;1980-02-20T01:45Z;20/2/1980 1:45;-64.62;133.82;x;x;1;0;1;0;0;0
208;798002;ThalaDan;1980-02-20T02:45Z;20/2/1980 2:45;-64.67;134.18;x;x;9;8;0;0;1;0
209;798002;ThalaDan;1980-02-20T03:10Z;20/2/1980 3:10;-64.68;134.33;x;x;1;0;0;0;0;0
210;798002;ThalaDan;1980-02-20T04:50Z;20/2/1980 4:50;-64.80;135.00;x;x;5;0;0;0;0;0
211;798002;ThalaDan;1980-02-20T22:20Z;20/2/1980 22:20;-65.75;139.55;x;x;12;0;0;0;0;0
212;798002;ThalaDan;1980-02-21T00:30Z;21/2/1980 0:30;-65.97;140.07;x;x;30;0;0;0;0;0
213;798002;ThalaDan;1980-02-21T02:40Z;21/2/1980 2:40;-66.23;140.32;x;x;30;0;0;0;0;0
214;798002;ThalaDan;1980-02-21T08:55Z;21/2/1980 8:55;-65.55;140.23;x;x;14;0;0;0;0;0
215;798003;NellaDan;1980-02-24T11:00Z;24/2/1980 11:00;-65.12;77.28;x;x;28;0;0;0;0;0
216;808101;NellaDan;1980-12-24T06:00Z;24/12/1980 6:00;-56.30;128.63;x;x;1;0;0;0;0;0
217;808101;NellaDan;1980-12-24T22:00Z;24/12/1980 22:00;-58.10;125.22;x;x;1;0;0;0;0;0
218;808101;NellaDan;1980-12-25T02:00Z;25/12/1980 2:00;-58.67;124.22;x;x;1;0;0;0;0;0
219;808101;NellaDan;1980-12-25T07:08Z;25/12/1980 7:08;-59.40;122.97;x;x;2;0;0;0;0;0
220;808101;NellaDan;1980-12-25T11:09Z;25/12/1980 11:09;-59.98;121.88;x;x;1;0;0;0;0;0
221;808101;NellaDan;1980-12-25T14:25Z;25/12/1980 14:25;-60.42;120.98;x;x;1;0;0;0;0;0
222;808101;NellaDan;1980-12-25T21:00Z;25/12/1980 21:00;-61.33;119.20;x;x;1;0;0;0;0;0
223;808101;NellaDan;1980-12-25T23:16Z;25/12/1980 23:16;-61.67;118.53;x;x;1;0;0;0;0;0
224;808101;NellaDan;1980-12-26T01:28Z;26/12/1980 1:28;-62.00;117.92;x;x;1;0;0;0;0;0
225;808101;NellaDan;1980-12-26T07:17Z;26/12/1980 7:17;-62.73;115.98;x;x;6;0;0;0;0;0
226;808101;NellaDan;1980-12-26T09:52Z;26/12/1980 9:52;-63.07;115.10;x;x;1;0;0;0;0;0
227;808101;NellaDan;1980-12-26T11:45Z;26/12/1980 11:45;-63.32;114.43;x;x;1;0;0;0;0;0
228;808102;ThalaDan;1981-01-20T06:17Z;20/1/1981 6:17;-57.02;121.58;x;x;2;0;0;0;0;0
229;808102;ThalaDan;1981-01-20T08:32Z;20/1/1981 8:32;-57.37;121.02;x;x;1;0;0;0;0;0
230;808102;ThalaDan;1981-01-20T22:36Z;20/1/1981 22:36;-59.30;118.07;x;x;4;1;1;2;0;0
231;808102;ThalaDan;1981-01-20T23:58Z;20/1/1981 23:58;-59.48;117.73;x;x;2;0;0;2;0;0
232;808102;ThalaDan;1981-01-21T01:06Z;21/1/1981 1:06;-59.65;117.48;x;x;3;0;0;3;0;0
233;808102;ThalaDan;1981-01-21T03:55Z;21/1/1981 3:55;-60.05;116.75;x;x;3;0;0;3;0;0
234;808102;ThalaDan;1981-01-21T07:00Z;21/1/1981 7:00;-60.52;116.02;x;x;4;0;1;3;0;0
235;808102;ThalaDan;1981-01-21T08:45Z;21/1/1981 8:45;-60.78;115.65;x;x;3;0;2;1;0;0
236;808102;ThalaDan;1981-01-22T08:15Z;22/1/1981 8:15;-63.02;111.70;x;x;5;0;5;0;0;0
237;808102;ThalaDan;1981-01-22T11:10Z;22/1/1981 11:10;-63.45;110.85;x;x;2;1;0;1;0;0
238;808102;ThalaDan;1981-01-22T11:40Z;22/1/1981 11:40;-63.52;110.75;x;x;1;0;1;0;0;0
239;808102;ThalaDan;1981-01-22T13:25Z;22/1/1981 13:25;-63.78;110.37;x;x;1;0;1;0;0;0
240;808102;ThalaDan;1981-01-22T15:37Z;22/1/1981 15:37;-64.10;109.90;x;x;4;0;0;0;0;0
241;808102;ThalaDan;1981-01-22T17:00Z;22/1/1981 17:00;-64.32;109.88;x;x;2;1;0;1;0;0
242;808102;ThalaDan;1981-01-22T19:15Z;22/1/1981 19:15;-64.70;109.87;x;x;6;0;0;0;0;0
243;808102;ThalaDan;1981-01-22T21:00Z;22/1/1981 21:00;-65.02;109.85;x;x;7;0;0;0;0;0
244;808102;ThalaDan;1981-01-31T09:05Z;31/1/1981 9:05;-64.58;111.35;x;x;5;1;0;1;1;2
245;808102;ThalaDan;1981-01-31T11:25Z;31/1/1981 11:25;-64.43;111.95;x;x;3;1;0;2;0;0
246;808102;ThalaDan;1981-01-31T13:05Z;31/1/1981 13:05;-64.43;112.48;x;x;5;0;0;0;0;0
247;808102;ThalaDan;1981-01-31T14:40Z;31/1/1981 14:40;-64.42;112.92;x;x;1;0;1;0;0;0
248;808102;ThalaDan;1981-01-31T17:00Z;31/1/1981 17:00;-64.42;113.67;x;x;2;0;0;0;0;0
249;808102;ThalaDan;1981-01-31T18:55Z;31/1/1981 18:55;-64.40;114.35;x;x;3;1;2;0;0;0
250;808102;ThalaDan;1981-02-01T09:00Z;1/2/1981 9:00;-64.42;129.67;x;x;1;1;0;0;0;0
251;808102;ThalaDan;1981-02-01T10:00Z;1/2/1981 10:00;-64.42;130.13;x;x;3;0;0;0;0;0
252;808102;ThalaDan;1981-02-01T10:45Z;1/2/1981 10:45;-64.40;130.27;x;x;4;0;0;0;0;0
253;808102;ThalaDan;1981-02-01T11:50Z;1/2/1981 11:50;-64.42;130.93;x;x;4;0;0;0;0;0
254;808102;ThalaDan;1981-02-01T13:55Z;1/2/1981 13:55;-64.38;126.52;x;x;3;0;0;0;0;0
255;808102;ThalaDan;1981-02-01T16:20Z;1/2/1981 16:20;-64.38;122.50;x;x;3;0;0;0;0;0
256;808102;ThalaDan;1981-02-01T19:00Z;1/2/1981 19:00;-64.38;123.62;x;x;2;0;0;0;0;0
257;808102;ThalaDan;1981-02-01T20:00Z;1/2/1981 20:00;-64.40;124.05;x;x;3;0;3;0;0;0
258;808102;ThalaDan;1981-02-02T14:30Z;2/2/1981 14:30;-64.42;132.13;x;x;2;0;0;0;0;0
259;808102;ThalaDan;1981-02-02T17:20Z;2/2/1981 17:20;-64.40;133.43;x;x;1;0;1;0;0;0
260;808102;ThalaDan;1981-02-02T19:30Z;2/2/1981 19:30;-64.40;134.37;x;x;2;0;0;0;0;0
261;808102;ThalaDan;1981-02-07T09:20Z;7/2/1981 9:20;-64.90;146.02;x;x;1;1;0;0;0;0
262;808102;ThalaDan;1981-02-07T11:55Z;7/2/1981 11:55;-63.97;146.67;x;x;5;4;1;0;0;0
263;808102;ThalaDan;1981-02-07T12:35Z;7/2/1981 12:35;-63.85;146.80;x;x;3;0;2;1;0;0
264;808102;ThalaDan;1981-02-07T14:20Z;7/2/1981 14:20;-63.58;147.27;x;x;2;0;1;1;0;0
265;808102;ThalaDan;1981-02-07T17:45Z;7/2/1981 17:45;-63.03;148.10;x;x;1;0;1;0;0;0
266;808103;NanokS;1981-02-15T06:00Z;15/2/1981 6:00;-63.27;77.57;x;x;1;0;0;0;0;0
267;808103;NanokS;1981-02-15T09:10Z;15/2/1981 9:10;-63.25;78.50;x;x;1;0;0;0;0;0
268;808103;NanokS;1981-02-15T11:24Z;15/2/1981 11:24;-63.23;78.52;x;x;1;0;0;0;0;0
269;808103;NanokS;1981-02-15T15:45Z;15/2/1981 15:45;-63.20;79.20;x;x;1;0;0;0;0;0
270;808103;NanokS;1981-02-15T20:55Z;15/2/1981 20:55;-63.10;79.82;x;x;1;0;0;0;0;0
271;808103;NanokS;1981-02-16T02:18Z;16/2/1981 2:18;-63.27;82.18;x;x;3;0;0;0;0;0
272;808103;NanokS;1981-02-16T04:30Z;16/2/1981 4:30;-63.27;84.08;x;x;2;0;0;0;0;0
273;808103;NanokS;1981-02-16T13:15Z;16/2/1981 13:15;-63.28;83.97;x;x;1;0;0;0;0;0
274;808103;NanokS;1981-02-16T22:23Z;16/2/1981 22:23;-63.25;85.70;x;x;4;0;0;0;0;0
275;808103;NanokS;1981-02-17T00:15Z;17/2/1981 0:15;-63.62;85.98;x;x;1;0;0;0;0;0
276;808103;NanokS;1981-02-17T04:30Z;17/2/1981 4:30;-64.43;86.00;x;x;11;0;0;0;0;0
277;808103;NanokS;1981-02-17T12:15Z;17/2/1981 12:15;-65.00;85.78;x;x;10;0;0;0;0;0
278;808103;NanokS;1981-02-17T15:15Z;17/2/1981 15:15;-64.82;84.80;x;x;11;0;0;0;0;0
279;808103;NanokS;1981-02-18T00:15Z;18/2/1981 0:15;-64.25;83.63;x;x;15;0;0;0;0;0
280;808103;NanokS;1981-02-18T03:30Z;18/2/1981 3:30;-64.27;82.38;x;x;12;0;0;0;0;0
281;808103;NanokS;1981-02-18T12:45Z;18/2/1981 12:45;-64.33;80.77;x;x;2;0;0;0;0;0
282;808103;NanokS;1981-02-18T17:30Z;18/2/1981 17:30;-64.27;78.87;x;x;5;0;0;0;0;0
283;808103;NanokS;1981-02-18T23:50Z;18/2/1981 23:50;-64.25;77.42;x;x;3;0;0;0;0;0
284;808103;NanokS;1981-02-19T01:30Z;19/2/1981 1:30;-64.25;76.50;x;x;3;0;0;0;0;0
285;808103;NanokS;1981-02-19T06:15Z;19/2/1981 6:15;-64.00;69.13;x;x;2;0;0;0;0;0
286;808103;NanokS;1981-02-19T07:30Z;19/2/1981 7:30;-64.08;68.65;x;x;4;0;0;0;0;0
287;808103;NanokS;1981-02-19T21:39Z;19/2/1981 21:39;-64.23;71.65;x;x;2;0;0;0;0;0
288;808103;NanokS;1981-02-19T23:45Z;19/2/1981 23:45;-64.10;70.70;x;x;3;0;0;0;0;0
289;808103;NanokS;1981-02-19T99:99Z;19/2/1981 99:99;-64.22;75.07;x;x;2;0;0;0;0;0
290;808103;NanokS;1981-02-20T00:30Z;20/2/1981 0:30;-64.93;65.03;x;x;6;0;0;0;0;0
291;808103;NanokS;1981-02-20T16:25Z;20/2/1981 16:25;-64.00;65.00;x;x;1;0;0;0;0;0
292;808103;NanokS;1981-02-20T64:01Z;20/2/1981 64:01;-64.02;66.52;x;x;1;0;0;0;0;0
293;808103;NanokS;1981-02-21T03:30Z;21/2/1981 3:30;-66.00;66.30;x;x;1;0;0;0;0;0
294;808103;NanokS;1981-02-21T12:30Z;21/2/1981 12:30;-65.00;68.58;x;x;1;0;0;0;0;0
295;808103;NanokS;1981-02-21T15:15Z;21/2/1981 15:15;-65.00;69.82;x;x;2;0;0;0;0;0
296;808103;NanokS;1981-02-21T21:08Z;21/2/1981 21:08;-65.02;71.07;x;x;11;0;0;0;0;0
297;808103;NanokS;1981-02-22T00:15Z;22/2/1981 0:15;-64.97;72.60;x;x;15;0;0;0;0;0
298;808103;NanokS;1981-02-22T03:15Z;22/2/1981 3:15;-65.00;74.00;x;x;10;0;0;0;0;0
299;808103;NanokS;1981-02-22T12:04Z;22/2/1981 12:04;-65.98;74.15;x;x;52;0;0;0;0;0
300;808103;NanokS;1981-02-22T18:00Z;22/2/1981 18:00;-65.70;75.58;x;x;10;0;0;0;0;0
301;808103;NanokS;1981-02-22T20:53Z;22/2/1981 20:53;-65.67;75.53;x;x;7;0;0;0;0;0
302;808103;NanokS;1981-02-23T00:30Z;23/2/1981 0:30;-65.40;76.90;x;x;21;0;0;0;0;0
303;808103;NanokS;1981-02-23T03:12Z;23/2/1981 3:12;-65.17;77.63;x;x;50;0;0;0;0;0
304;808103;NanokS;1981-02-23T12:15Z;23/2/1981 12:15;-65.97;78.27;x;x;50;0;0;0;0;0
305;808103;NanokS;1981-02-25T00:30Z;25/2/1981 0:30;-65.58;75.23;x;x;2;0;0;0;0;0
306;808103;NanokS;1981-02-25T01:15Z;25/2/1981 1:15;-65.68;75.15;x;x;3;0;0;0;0;0
307;808103;NanokS;1981-02-25T06:45Z;25/2/1981 6:45;-66.38;71.20;x;x;12;0;0;0;0;0
308;808103;NanokS;1981-02-26T04:45Z;26/2/1981 4:45;-68.53;73.62;x;x;5;0;0;0;0;0
309;808103;NanokS;1981-02-26T06:45Z;26/2/1981 6:45;-68.45;77.63;x;x;25;0;0;0;0;0
310;808103;NanokS;1981-02-26T09:00Z;26/2/1981 9:00;-68.97;72.90;x;x;22;0;0;0;0;0
311;808103;NanokS;1981-02-28T15:20Z;28/2/1981 15:20;-67.70;77.98;x;x;50;0;0;0;0;0
312;818201;NellaDan;1981-11-13T06:42Z;13/11/1981 6:42;-58.00;117.45;x;x;2;0;0;0;0;0
313;818201;NellaDan;1981-11-13T11:17Z;13/11/1981 11:17;-58.00;116.27;x;x;1;0;0;0;0;0
314;818201;NellaDan;1981-11-13T16:45Z;13/11/1981 16:45;-56.57;121.45;x;x;1;0;0;0;0;0
315;818201;NellaDan;1981-11-15T05:34Z;15/11/1981 5:34;-57.98;111.23;x;x;4;0;0;0;0;0
316;818201;NellaDan;1981-11-15T09:43Z;15/11/1981 9:43;-57.98;109.97;x;x;12;0;0;0;0;0
317;818201;NellaDan;1981-11-16T03:42Z;16/11/1981 3:42;-58.00;104.78;x;x;8;0;0;0;0;0
318;818201;NellaDan;1981-11-16T10:23Z;16/11/1981 10:23;-57.98;102.47;x;x;6;0;0;0;0;0
319;818201;NellaDan;1981-11-17T01:31Z;17/11/1981 1:31;-57.57;97.27;x;x;21;0;0;0;0;0
320;818201;NellaDan;1981-11-17T07:31Z;17/11/1981 7:31;-57.82;95.27;x;x;15;0;0;0;0;0
321;818202;NanokS;1981-12-25T15:00Z;25/12/1981 15:00;-58.00;121.50;x;x;1;0;0;0;0;0
322;818202;NanokS;1981-12-25T21:30Z;25/12/1981 21:30;-58.87;120.52;x;x;3;0;0;0;0;0
323;818202;NanokS;1981-12-25T23:00Z;25/12/1981 23:00;-60.40;118.12;x;x;3;0;0;0;0;0
324;818202;NanokS;1981-12-26T03:40Z;26/12/1981 3:40;-61.10;117.08;x;x;2;0;0;0;0;0
325;818202;NanokS;1981-12-26T06:00Z;26/12/1981 6:00;-61.50;116.45;x;x;2;0;0;0;0;0
326;818202;NanokS;1981-12-26T08:00Z;26/12/1981 8:00;-61.83;115.88;x;x;2;0;0;0;0;0
327;818202;NanokS;1981-12-26T10:16Z;26/12/1981 10:16;-62.13;115.40;x;x;35;0;0;0;0;0
328;818202;NanokS;1981-12-26T12:45Z;26/12/1981 12:45;-62.53;114.23;x;x;4;0;0;0;0;0
329;818202;NanokS;1981-12-26T19:00Z;26/12/1981 19:00;-63.45;113.25;x;x;1;0;0;0;0;0
330;818202;NanokS;1981-12-26T22:00Z;26/12/1981 22:00;-63.75;112.52;x;x;1;0;0;0;0;0
331;818202;NanokS;1981-12-27T02:36Z;27/12/1981 2:36;-64.35;111.43;x;x;40;0;0;0;0;0
332;818202;NanokS;1982-01-03T12:20Z;3/1/1982 12:20;-63.47;108.52;x;x;2;0;0;0;0;0
333;818202;NanokS;1982-01-03T14:43Z;3/1/1982 14:43;-63.12;108.43;x;x;8;0;0;0;0;0
334;818202;NanokS;1982-01-05T03:39Z;5/1/1982 3:39;-60.75;108.22;x;x;21;0;0;0;0;0
335;818202;NanokS;1982-01-05T15:00Z;5/1/1982 15:00;-60.93;103.38;x;x;28;0;0;0;0;0
336;818202;NanokS;1982-01-07T01:17Z;7/1/1982 1:17;-62.27;90.35;x;x;11;0;0;0;0;0
337;818202;NanokS;1982-01-08T03:08Z;8/1/1982 3:08;-64.28;82.58;x;x;3;0;0;0;0;0
338;818202;NanokS;1982-01-20T02:09Z;20/1/1982 2:09;-60.53;90.78;x;x;8;0;0;0;0;0
339;818202;NanokS;1982-01-22T01:00Z;22/1/1982 1:00;-55.07;106.43;x;x;6;0;0;0;0;0
340;818202;NanokS;1982-01-22T03:00Z;22/1/1982 3:00;-54.85;107.10;x;x;8;0;0;0;0;0
341;818202;NanokS;1982-01-22T05:21Z;22/1/1982 5:21;-54.57;107.83;x;x;3;0;0;0;0;0
342;818202;NanokS;1982-01-23T01:36Z;23/1/1982 1:36;-51.75;115.23;x;x;4;0;0;0;0;0
343;818203;NellaDan;1982-01-19T12:00Z;19/1/1982 12:00;-59.98;125.62;x;x;1;0;1;0;0;0
344;818203;NellaDan;1982-01-19T22:45Z;19/1/1982 22:45;-61.40;123.88;x;x;1;0;1;0;0;0
345;818203;NellaDan;1982-01-19T23:55Z;19/1/1982 23:55;-61.65;123.53;x;x;1;0;0;1;0;0
346;818203;NellaDan;1982-01-20T01:02Z;20/1/1982 1:02;-61.72;123.15;x;x;1;0;1;0;0;0
347;818203;NellaDan;1982-01-20T04:00Z;20/1/1982 4:00;-61.85;122.17;x;x;1;1;0;0;0;0
348;818203;NellaDan;1982-01-20T07:17Z;20/1/1982 7:17;-61.98;121.15;x;x;3;3;0;0;0;0
349;818203;NellaDan;1982-01-20T09:20Z;20/1/1982 9:20;-62.08;120.47;x;x;3;1;2;0;0;0
350;818203;NellaDan;1982-01-20T15:15Z;20/1/1982 15:15;-62.45;118.53;x;x;5;0;0;0;0;0
351;818203;NellaDan;1982-01-20T17:55Z;20/1/1982 17:55;-62.58;117.62;x;x;5;0;0;0;0;0
352;818203;NellaDan;1982-01-21T03:20Z;21/1/1982 3:20;-63.07;114.27;x;x;5;0;0;0;0;0
353;818203;NellaDan;1982-01-21T07:15Z;21/1/1982 7:15;-63.28;112.88;x;x;6;0;6;0;0;0
354;818203;NellaDan;1982-01-21T09:28Z;21/1/1982 9:28;-63.53;112.20;x;x;3;0;3;0;0;0
355;818203;NellaDan;1982-01-21T14:12Z;21/1/1982 14:12;-64.15;110.78;x;x;3;0;3;0;0;0
356;818203;NellaDan;1982-01-21T18:29Z;21/1/1982 18:29;-64.72;109.55;x;x;25;0;0;0;0;0
357;818203;NellaDan;1982-01-21T23:55Z;21/1/1982 23:55;-65.90;110.48;x;x;2;2;0;0;0;0
358;818203;NellaDan;1982-01-23T01:05Z;23/1/1982 1:05;-65.10;108.97;x;x;30;0;0;0;0;0
359;818203;NellaDan;1982-01-23T07:58Z;23/1/1982 7:58;-65.37;109.22;x;x;25;0;5;20;0;0
360;818203;NellaDan;1982-01-24T00:00Z;24/1/1982 0:00;-65.60;109.27;x;x;81;20;45;15;1;0
361;818203;NellaDan;1982-01-24T02:35Z;24/1/1982 2:35;-64.20;113.87;x;x;1;0;0;0;0;0
362;818203;NellaDan;1982-01-24T03:46Z;24/1/1982 3:46;-64.03;114.48;x;x;1;0;0;0;0;0
363;818203;NellaDan;1982-01-24T06:49Z;24/1/1982 6:49;-63.80;115.67;x;x;1;0;0;0;0;0
364;818203;NellaDan;1982-02-02T12:45Z;2/2/1982 12:45;-63.45;117.60;x;x;2;2;0;0;0;0
365;818203;NellaDan;1982-02-02T23:00Z;2/2/1982 23:00;-62.97;119.98;x;x;4;0;4;0;0;0
366;818203;NellaDan;1982-02-03T00:00Z;3/2/1982 0:00;-62.92;120.22;x;x;2;0;0;0;0;0
367;818203;NellaDan;1982-02-03T09:51Z;3/2/1982 9:51;-62.40;123.32;x;x;2;0;0;0;0;0
368;818203;NellaDan;1982-02-03T11:07Z;3/2/1982 11:07;-62.32;123.60;x;x;3;0;0;0;0;0
369;818204;NanokS;1982-02-16T10:00Z;16/2/1982 10:00;-55.72;104.92;x;x;6;0;0;0;0;0
370;818204;NanokS;1982-02-17T00:01Z;17/2/1982 0:01;-58.53;99.20;x;x;18;0;0;0;0;0
371;828301;NellaDan;1982-11-18T01:23Z;18/11/1982 1:23;-58.00;88.97;x;x;17;0;0;0;0;0
372;828301;NellaDan;1982-11-18T04:11Z;18/11/1982 4:11;-57.98;88.03;x;x;10;0;0;0;0;0
373;828301;NellaDan;1982-11-18T12:21Z;18/11/1982 12:21;-57.90;85.10;x;x;15;0;0;0;0;0
374;828301;NellaDan;1982-11-24T09:00Z;24/11/1982 9:00;-59.98;74.42;x;x;4;0;0;2;2;0
375;828301;NellaDan;1982-11-24T13:00Z;24/11/1982 13:00;-59.73;73.75;x;x;3;0;0;2;1;0
376;828301;NellaDan;1982-11-24T16:00Z;24/11/1982 16:00;-59.47;73.32;x;x;0;0;0;0;0;0
377;828301;NellaDan;1982-11-24T19:00Z;24/11/1982 19:00;-59.50;72.27;x;x;0;0;0;0;0;0
378;828301;NellaDan;1982-11-24T22:00Z;24/11/1982 22:00;-59.48;71.23;x;x;0;0;0;0;0;0
379;828301;NellaDan;1982-11-25T01:00Z;25/11/1982 1:00;-59.48;70.17;x;x;0;0;0;0;0;0
380;828301;NellaDan;1982-11-25T04:30Z;25/11/1982 4:30;-59.50;68.93;x;x;0;0;0;0;0;0
381;828301;NellaDan;1982-11-25T08:00Z;25/11/1982 8:00;-59.50;67.78;x;x;0;0;0;0;0;0
382;828301;NellaDan;1982-11-25T10:00Z;25/11/1982 10:00;-59.48;67.10;x;x;0;0;0;0;0;0
383;828301;NellaDan;1982-11-25T13:00Z;25/11/1982 13:00;-59.47;66.02;x;x;0;0;0;0;0;0
384;828301;NellaDan;1982-11-25T16:00Z;25/11/1982 16:00;-59.52;65.03;x;x;0;0;0;0;0;0
385;828301;NellaDan;1982-11-26T07:30Z;26/11/1982 7:30;-61.62;63.12;x;x;6;0;0;2;2;2
386;828301;NellaDan;1982-11-26T10:00Z;26/11/1982 10:00;-62.15;63.03;x;x;8;0;7;1;0;0
387;828301;NellaDan;1982-11-26T13:00Z;26/11/1982 13:00;-62.47;62.60;x;x;5;0;0;4;1;0
388;828301;NellaDan;1982-11-26T16:00Z;26/11/1982 16:00;-62.88;62.67;x;x;8;0;0;5;3;0
389;828301;NellaDan;1982-11-26T19:30Z;26/11/1982 19:30;-63.30;62.62;x;x;8;0;3;3;2;0
390;828301;NellaDan;1982-11-26T23:00Z;26/11/1982 23:00;-63.50;62.75;x;x;8;0;7;0;1;0
391;828301;NellaDan;1982-11-27T07:30Z;27/11/1982 7:30;-63.85;62.83;x;x;4;0;2;1;1;0
392;828301;NellaDan;1982-11-27T11:30Z;27/11/1982 11:30;-64.15;63.00;x;x;5;0;1;4;0;0
393;828301;NellaDan;1982-11-27T15:00Z;27/11/1982 15:00;-64.58;63.10;x;x;5;0;4;1;0;0
394;828301;NellaDan;1982-11-27T21:00Z;27/11/1982 21:00;-64.97;63.30;x;x;3;0;0;1;2;0
395;828301;NellaDan;1982-11-28T04:30Z;28/11/1982 4:30;-65.27;63.30;x;x;5;0;3;0;1;1
396;828301;NellaDan;1982-11-28T13:00Z;28/11/1982 13:00;-65.67;63.43;x;x;3;0;2;1;0;0
397;828301;NellaDan;1982-11-28T19:00Z;28/11/1982 19:00;-66.05;63.25;x;x;1;0;0;0;1;0
398;828301;NellaDan;1982-11-29T05:00Z;29/11/1982 5:00;-66.55;62.92;x;x;4;0;2;2;0;0
399;828301;NellaDan;1982-11-29T10:30Z;29/11/1982 10:30;-66.88;62.93;x;x;76;0;21;50;5;0
400;828301;NellaDan;1982-11-29T20:30Z;29/11/1982 20:30;-66.88;62.93;x;x;210;0;0;0;0;0
401;828301;NellaDan;1982-12-01T06:30Z;1/12/1982 6:30;-66.83;62.30;x;x;41;0;10;29;2;0
402;828301;NellaDan;1982-12-01T09:30Z;1/12/1982 9:30;-66.83;62.30;x;x;113;0;0;0;0;0
403;828301;NellaDan;1982-12-01T11:30Z;1/12/1982 11:30;-67.12;62.28;x;x;43;2;31;10;0;0
404;828301;NellaDan;1982-12-01T15:30Z;1/12/1982 15:30;-67.12;62.45;x;x;69;0;0;0;0;0
405;828301;NellaDan;1982-12-01T21:30Z;1/12/1982 21:30;-67.12;62.28;x;x;144;0;0;0;0;0
406;828301;NellaDan;1982-12-02T03:30Z;2/12/1982 3:30;-66.55;62.00;x;x;8;4;1;2;1;0
407;828301;NellaDan;1982-12-02T11:30Z;2/12/1982 11:30;-66.17;63.15;x;x;12;0;0;0;0;0
408;828301;NellaDan;1982-12-02T22:30Z;2/12/1982 22:30;-66.35;64.40;x;x;4;0;0;2;2;0
409;828301;NellaDan;1982-12-03T04:00Z;3/12/1982 4:00;-66.95;66.03;x;x;46;0;0;0;0;0
410;828301;NellaDan;1982-12-03T09:00Z;3/12/1982 9:00;-67.03;67.70;x;x;8;0;1;6;0;1
411;828301;NellaDan;1982-12-03T10:30Z;3/12/1982 10:30;-67.33;65.63;x;x;20;0;15;5;0;0
412;828301;NellaDan;1982-12-03T13:00Z;3/12/1982 13:00;-67.22;68.27;x;x;119;0;0;0;0;0
413;828301;NellaDan;1982-12-03T14:00Z;3/12/1982 14:00;-67.08;70.12;x;x;9;0;1;7;1;0
414;828301;NellaDan;1982-12-05T05:30Z;5/12/1982 5:30;-66.60;71.58;x;x;0;0;0;0;0;0
415;828301;NellaDan;1982-12-05T10:00Z;5/12/1982 10:00;-66.63;72.57;x;x;1;0;0;0;0;0
416;828301;NellaDan;1982-12-05T24:00Z;5/12/1982 24:00;-66.83;73.18;x;x;1;0;1;0;0;0
417;828301;NellaDan;1982-12-06T02:30Z;6/12/1982 2:30;-67.22;73.43;x;x;1;0;0;0;1;0
418;828301;NellaDan;1982-12-06T08:30Z;6/12/1982 8:30;-68.03;75.75;x;x;1;0;0;0;1;0
419;828301;NellaDan;1982-12-06T10:40Z;6/12/1982 10:40;-68.30;76.75;x;x;0;0;0;0;0;0
420;828301;NellaDan;1982-12-06T13:30Z;6/12/1982 13:30;-68.57;77.78;x;x;150;0;0;0;0;0
421;828302;NellaDan;1983-01-02T02:23Z;2/1/1983 2:23;-60.38;116.87;x;x;1;0;0;1;0;0
422;828302;NellaDan;1983-01-02T02:50Z;2/1/1983 2:50;-60.50;116.47;x;x;1;0;0;0;0;0
423;828302;NellaDan;1983-01-02T03:18Z;2/1/1983 3:18;-60.48;116.00;x;x;1;0;0;0;1;0
424;828302;NellaDan;1983-01-02T04:10Z;2/1/1983 4:10;-60.75;116.00;x;x;3;0;0;0;0;0
425;828302;NellaDan;1983-01-02T05:20Z;2/1/1983 5:20;-60.92;115.50;x;x;2;0;0;0;0;0
426;828302;NellaDan;1983-01-02T07:20Z;2/1/1983 7:20;-61.17;115.17;x;x;1;0;0;0;0;0
427;828302;NellaDan;1983-01-02T09:30Z;2/1/1983 9:30;-61.35;114.83;x;x;0;0;0;0;0;0
428;828302;NellaDan;1983-01-02T11:00Z;2/1/1983 11:00;-61.58;114.47;x;x;0;0;0;0;0;0
429;828302;NellaDan;1983-01-02T13:00Z;2/1/1983 13:00;-61.88;114.00;x;x;3;0;0;0;0;0
430;828302;NellaDan;1983-01-02T15:00Z;2/1/1983 15:00;-62.22;113.50;x;x;6;0;0;0;0;0
431;828302;NellaDan;1983-01-02T17:16Z;2/1/1983 17:16;-62.57;112.87;x;x;21;0;0;0;0;0
432;828302;NellaDan;1983-01-02T19:00Z;2/1/1983 19:00;-62.82;112.35;x;x;25;6;0;4;10;5
433;828302;NellaDan;1983-01-02T21:00Z;2/1/1983 21:00;-63.03;111.70;x;x;22;4;1;6;6;5
434;828302;NellaDan;1983-01-02T22:00Z;2/1/1983 22:00;-63.27;110.92;x;x;24;0;7;10;6;1
435;828302;NellaDan;1983-01-03T01:00Z;3/1/1983 1:00;-63.58;110.35;x;x;19;0;0;15;2;2
436;828302;NellaDan;1983-01-03T07:00Z;3/1/1983 7:00;-64.63;109.40;x;x;40;0;0;0;0;0
437;828302;NellaDan;1983-01-03T09:00Z;3/1/1983 9:00;-64.92;109.37;x;x;29;4;3;10;7;5
438;828302;NellaDan;1983-01-03T11:43Z;3/1/1983 11:43;-65.37;109.47;x;x;48;0;0;0;0;0
439;828302;NellaDan;1983-01-03T12:00Z;3/1/1983 12:00;-65.23;109.57;x;x;50;0;0;0;0;0
440;828302;NellaDan;1983-01-03T15:00Z;3/1/1983 15:00;-65.63;109.37;x;x;50;0;0;0;0;0
441;828302;NellaDan;1983-01-03T15:45Z;3/1/1983 15:45;-65.72;108.93;x;x;35;0;0;0;0;0
442;828302;NellaDan;1983-01-03T17:00Z;3/1/1983 17:00;-65.00;109.75;x;x;130;0;0;0;0;0
443;828302;NellaDan;1983-01-03T17:50Z;3/1/1983 17:50;-64.42;108.78;x;x;27;0;0;0;0;0
444;828302;NellaDan;1983-01-03T19:15Z;3/1/1983 19:15;-63.98;108.25;x;x;27;0;0;0;0;0
445;828302;NellaDan;1983-01-03T21:00Z;3/1/1983 21:00;-63.70;107.80;x;x;21;0;0;0;0;0
446;828302;NellaDan;1983-01-03T23:00Z;3/1/1983 23:00;-63.38;107.28;x;x;25;0;0;0;0;0
447;828302;NellaDan;1983-01-08T01:00Z;8/1/1983 1:00;-63.07;106.77;x;x;19;0;0;0;0;0
448;828302;NellaDan;1983-01-08T03:00Z;8/1/1983 3:00;-62.77;106.23;x;x;18;0;0;0;0;0
449;828302;NellaDan;1983-01-08T05:00Z;8/1/1983 5:00;-62.55;105.50;x;x;6;0;0;0;0;0
450;828302;NellaDan;1983-01-08T07:00Z;8/1/1983 7:00;-62.45;104.68;x;x;10;1;2;5;2;0
451;828302;NellaDan;1983-01-08T11:00Z;8/1/1983 11:00;-62.40;103.08;x;x;27;9;7;11;0;0
452;828302;NellaDan;1983-01-08T17:00Z;8/1/1983 17:00;-62.42;100.60;x;x;13;0;0;12;1;0
453;828302;NellaDan;1983-01-08T20:08Z;8/1/1983 20:08;-62.43;99.25;x;x;34;5;7;10;8;4
454;828302;NellaDan;1983-01-08T22:00Z;8/1/1983 22:00;-62.43;98.33;x;x;37;5;8;13;7;4
455;828302;NellaDan;1983-01-09T00:00Z;9/1/1983 0:00;-62.42;97.63;x;x;36;0;0;0;0;0
456;828302;NellaDan;1983-01-09T02:00Z;9/1/1983 2:00;-62.42;96.78;x;x;34;0;0;0;0;0
457;828302;NellaDan;1983-01-09T04:00Z;9/1/1983 4:00;-62.43;95.93;x;x;32;0;0;0;0;0
458;828302;NellaDan;1983-01-09T06:00Z;9/1/1983 6:00;-62.45;95.18;x;x;50;0;0;0;0;0
459;828302;NellaDan;1983-01-09T08:00Z;9/1/1983 8:00;-62.45;94.33;x;x;29;0;0;0;0;0
460;828302;NellaDan;1983-01-09T10:00Z;9/1/1983 10:00;-62.45;93.52;x;x;28;0;0;0;0;0
461;828302;NellaDan;1983-01-09T12:15Z;9/1/1983 12:15;-62.47;92.52;x;x;34;0;0;0;0;0
462;828302;NellaDan;1983-01-09T14:00Z;9/1/1983 14:00;-62.47;91.80;x;x;32;0;0;0;0;0
463;828302;NellaDan;1983-01-09T16:00Z;9/1/1983 16:00;-62.47;90.98;x;x;44;0;0;0;0;0
464;828302;NellaDan;1983-01-09T18:00Z;9/1/1983 18:00;-62.62;90.15;x;x;40;0;0;0;0;0
465;828302;NellaDan;1983-01-09T20:00Z;9/1/1983 20:00;-62.82;89.37;x;x;13;0;0;0;0;0
466;828302;NellaDan;1983-01-09T22:00Z;9/1/1983 22:00;-63.02;88.57;x;x;21;10;7;4;0;0
467;828302;NellaDan;1983-01-10T00:00Z;10/1/1983 0:00;-63.22;87.72;x;x;14;0;0;11;3;0
468;828302;NellaDan;1983-01-10T02:00Z;10/1/1983 2:00;-63.37;86.95;x;x;25;0;8;12;5;0
469;828302;NellaDan;1983-01-10T04:00Z;10/1/1983 4:00;-63.42;86.00;x;x;21;0;0;0;0;0
470;828302;NellaDan;1983-01-10T06:00Z;10/1/1983 6:00;-63.52;85.32;x;x;25;0;0;0;0;0
471;828302;NellaDan;1983-01-10T08:00Z;10/1/1983 8:00;-63.62;84.62;x;x;13;0;0;0;0;0
472;828302;NellaDan;1983-01-10T10:00Z;10/1/1983 10:00;-63.72;83.92;x;x;9;0;9;0;0;0
473;828302;NellaDan;1983-01-11T02:00Z;11/1/1983 2:00;-65.30;79.08;x;x;13;0;0;0;0;0
474;828302;NellaDan;1983-01-11T06:00Z;11/1/1983 6:00;-65.83;79.22;x;x;7;0;7;0;0;0
475;828302;NellaDan;1983-01-11T10:00Z;11/1/1983 10:00;-65.87;78.92;x;x;8;0;0;0;0;0
476;828302;NellaDan;1983-01-11T12:00Z;11/1/1983 12:00;-65.75;78.27;x;x;3;0;0;0;0;0
477;828302;NellaDan;1983-01-11T14:04Z;11/1/1983 14:04;-65.65;77.85;x;x;2;0;1;1;0;0
478;828302;NellaDan;1983-01-11T16:00Z;11/1/1983 16:00;-65.73;77.12;x;x;1;0;0;1;0;0
479;828302;NellaDan;1983-01-11T18:00Z;11/1/1983 18:00;-65.93;76.88;x;x;0;0;0;0;0;0
480;828302;NellaDan;1983-01-11T20:00Z;11/1/1983 20:00;-66.23;76.63;x;x;5;0;0;0;0;0
481;828302;NellaDan;1983-01-11T22:00Z;11/1/1983 22:00;-66.55;76.47;x;x;11;0;0;0;0;0
482;828302;NellaDan;1983-01-12T00:00Z;12/1/1983 0:00;-66.93;76.55;x;x;11;0;10;1;0;0
483;828302;NellaDan;1983-01-12T02:00Z;12/1/1983 2:00;-67.20;76.57;x;x;20;0;15;5;0;0
484;828302;NellaDan;1983-01-12T04:00Z;12/1/1983 4:00;-67.20;76.60;x;x;12;0;11;1;0;0
485;828302;NellaDan;1983-01-12T06:00Z;12/1/1983 6:00;-67.27;76.58;x;x;15;0;0;0;0;0
486;828302;NellaDan;1983-01-12T08:00Z;12/1/1983 8:00;-67.48;76.48;x;x;22;0;0;0;0;0
487;828302;NellaDan;1983-01-12T10:30Z;12/1/1983 10:30;-67.57;76.48;x;x;16;0;0;0;0;0
488;828302;NellaDan;1983-01-17T16:16Z;17/1/1983 16:16;-67.22;72.38;x;x;1;0;0;0;0;0
489;828302;NellaDan;1983-01-18T02:15Z;18/1/1983 2:15;-66.52;67.80;x;x;3;0;0;0;0;0
490;828302;NellaDan;1983-01-18T04:58Z;18/1/1983 4:58;-66.52;66.40;x;x;1;0;0;0;0;0
491;828303;NellaDan;1983-01-13T06:30Z;13/1/1983 6:30;-60.87;125.18;x;x;1;0;1;0;0;0
492;828303;NellaDan;1983-01-13T09:00Z;13/1/1983 9:00;-61.13;124.53;x;x;1;0;0;1;0;0
493;828303;NellaDan;1983-01-13T12:00Z;13/1/1983 12:00;-61.48;123.60;x;x;0;0;0;0;0;0
494;828303;NellaDan;1983-01-13T13:00Z;13/1/1983 13:00;-61.58;123.30;x;x;1;0;1;0;0;0
495;828303;NellaDan;1983-01-13T15:00Z;13/1/1983 15:00;-61.78;122.70;x;x;4;0;1;3;0;0
496;828303;NellaDan;1983-01-13T16:00Z;13/1/1983 16:00;-61.87;122.47;x;x;4;0;1;3;0;0
497;828303;NellaDan;1983-01-13T18:00Z;13/1/1983 18:00;-62.08;121.78;x;x;8;0;0;8;0;0
498;828303;NellaDan;1983-01-13T19:00Z;13/1/1983 19:00;-62.22;121.42;x;x;9;0;0;9;0;0
499;828303;NellaDan;1983-01-13T22:00Z;13/1/1983 22:00;-62.52;120.37;x;x;5;0;2;3;0;0
500;828303;NellaDan;1983-01-14T03:00Z;14/1/1983 3:00;-63.02;118.67;x;x;3;0;1;2;0;0
501;828303;NellaDan;1983-01-14T07:00Z;14/1/1983 7:00;-63.52;116.83;x;x;10;0;8;2;0;0
502;828303;NellaDan;1983-01-14T09:00Z;14/1/1983 9:00;-63.70;116.08;x;x;25;0;16;9;0;0
503;828303;NellaDan;1983-01-14T10:30Z;14/1/1983 10:30;-63.87;115.47;x;x;27;0;20;7;0;0
504;828303;NellaDan;1983-01-14T12:00Z;14/1/1983 12:00;-64.00;114.90;x;x;17;0;11;5;1;0
505;828303;NellaDan;1983-01-14T14:00Z;14/1/1983 14:00;-64.18;114.05;x;x;27;0;17;6;4;0
506;828303;NellaDan;1983-01-14T17:00Z;14/1/1983 17:00;-64.43;112.88;x;x;25;0;16;6;3;0
507;828303;NellaDan;1983-01-14T18:00Z;14/1/1983 18:00;-64.52;112.25;x;x;83;0;40;32;6;5
508;828303;NellaDan;1983-01-14T20:00Z;14/1/1983 20:00;-64.65;112.25;x;x;71;0;50;12;7;2
509;828303;NellaDan;1983-01-14T22:00Z;14/1/1983 22:00;-64.67;110.67;x;x;39;0;18;17;4;0
510;828303;NellaDan;1983-01-15T00:00Z;15/1/1983 0:00;-64.65;109.78;x;x;33;0;15;9;8;1
511;828303;NellaDan;1983-01-15T06:00Z;15/1/1983 6:00;-65.63;108.57;x;x;54;0;30;14;6;4
512;828303;NellaDan;1983-01-15T08:00Z;15/1/1983 8:00;-65.78;108.08;x;x;41;0;30;8;3;0
513;828303;NellaDan;1983-01-15T10:00Z;15/1/1983 10:00;-66.07;108.23;x;x;36;0;20;7;6;3
514;828303;NellaDan;1983-01-15T13:00Z;15/1/1983 13:00;-66.22;109.45;x;x;67;0;50;9;5;3
515;828303;NellaDan;1983-01-15T14:00Z;15/1/1983 14:00;-66.25;109.95;x;x;78;0;60;9;5;4
516;828303;NellaDan;1983-01-15T16:00Z;15/1/1983 16:00;-66.25;109.95;x;x;51;0;40;6;3;2
517;828303;NellaDan;1983-01-21T19:20Z;21/1/1983 19:20;-65.48;109.75;x;x;25;0;0;0;0;0
518;828303;NellaDan;1983-01-21T19:42Z;21/1/1983 19:42;-65.43;109.68;x;x;10;0;0;0;0;0
519;828303;NellaDan;1983-01-22T08:45Z;22/1/1983 8:45;-63.63;113.00;x;x;27;0;0;0;0;0
520;828303;NellaDan;1983-01-22T14:15Z;22/1/1983 14:15;-63.27;115.23;x;x;15;0;0;0;0;0
521;828303;NellaDan;1983-01-23T09:00Z;23/1/1983 9:00;-62.05;122.50;x;x;4;1;0;0;0;3
522;828303;NellaDan;1983-01-24T09:15Z;24/1/1983 9:15;-60.32;132.17;x;x;0;0;0;0;0;0
523;828303;NellaDan;1983-01-24T13:03Z;24/1/1983 13:03;-60.05;133.65;x;x;1;0;0;0;1;0
524;828303;NellaDan;1983-01-27T09:55Z;27/1/1983 9:55;-59.13;103.83;x;x;1;0;0;0;0;0
525;828303;NellaDan;1983-01-27T11:45Z;27/1/1983 11:45;-59.30;102.97;x;x;1;0;0;0;0;0
526;828303;NellaDan;1983-01-28T07:30Z;28/1/1983 7:30;-60.17;98.92;x;x;1;0;0;0;0;0
527;828304;LadyFranklin;1983-01-27T13:30Z;27/1/1983 13:30;-60.47;121.02;x;x;3;1;2;0;0;0
528;828304;LadyFranklin;1983-01-27T18:00Z;27/1/1983 18:00;-60.92;120.25;x;x;5;0;0;0;0;0
529;828304;LadyFranklin;1983-01-28T01:00Z;28/1/1983 1:00;-61.87;118.45;x;x;1;0;0;0;1;0
530;828304;LadyFranklin;1983-01-28T02:00Z;28/1/1983 2:00;-62.22;117.78;x;x;3;0;0;1;2;0
531;828304;LadyFranklin;1983-01-28T03:00Z;28/1/1983 3:00;-62.40;117.42;x;x;4;2;0;0;2;0
532;828304;LadyFranklin;1983-01-28T05:28Z;28/1/1983 5:28;-62.70;116.68;x;x;1;0;0;0;1;0
533;828304;LadyFranklin;1983-01-28T06:00Z;28/1/1983 6:00;-62.75;116.55;x;x;8;0;6;0;2;0
534;828304;LadyFranklin;1983-01-28T12:00Z;28/1/1983 12:00;-63.57;114.00;x;x;10;5;3;0;2;0
535;828304;LadyFranklin;1983-01-28T13:30Z;28/1/1983 13:30;-63.85;113.87;x;x;6;0;0;2;4;0
536;828304;LadyFranklin;1983-01-28T13:55Z;28/1/1983 13:55;-63.92;113.73;x;x;5;0;2;3;0;0
537;828304;LadyFranklin;1983-01-29T01:00Z;29/1/1983 1:00;-65.15;110.33;x;x;91;65;15;3;7;1
538;828305;NellaDan;1983-02-13T02:00Z;13/2/1983 2:00;-62.50;118.70;x;x;1;0;0;1;0;0
539;828305;NellaDan;1983-02-13T15:00Z;13/2/1983 15:00;-61.07;122.33;x;x;3;1;0;2;0;0
540;828305;NellaDan;1983-02-13T18:00Z;13/2/1983 18:00;-61.40;121.60;x;x;2;0;0;2;0;0
541;828305;NellaDan;1983-02-14T02:00Z;14/2/1983 2:00;-65.00;109.90;x;x;27;0;0;0;0;0
542;828305;NellaDan;1983-02-14T05:00Z;14/2/1983 5:00;-65.50;109.50;x;x;27;9;9;9;0;0
543;828305;NellaDan;1983-02-14T08:00Z;14/2/1983 8:00;-63.20;116.82;x;x;7;1;2;4;0;0
544;828305;NellaDan;1983-02-14T11:00Z;14/2/1983 11:00;-63.60;115.72;x;x;8;3;4;1;0;0
545;828305;NellaDan;1983-02-14T14:00Z;14/2/1983 14:00;-63.92;114.50;x;x;20;3;10;6;1;0
546;828305;NellaDan;1983-02-14T17:00Z;14/2/1983 17:00;-64.18;113.40;x;x;19;7;6;6;0;0
547;828305;NellaDan;1983-02-14T20:00Z;14/2/1983 20:00;-64.83;112.00;x;x;23;9;9;5;0;0
548;828305;NellaDan;1983-02-14T22:00Z;14/2/1983 22:00;-64.70;111.33;x;x;15;0;6;8;1;0
549;828305;NellaDan;1983-02-14T23:00Z;14/2/1983 23:00;-64.80;111.10;x;x;32;0;0;0;0;0
550;828305;NellaDan;1983-02-15T03:00Z;15/2/1983 3:00;-66.08;109.37;x;x;22;0;16;4;2;0
551;828305;NellaDan;1983-02-15T05:00Z;15/2/1983 5:00;-65.60;108.25;x;x;50;0;0;0;0;0
552;828305;NellaDan;1983-02-16T02:00Z;16/2/1983 2:00;-63.70;99.68;x;x;10;0;1;8;0;1
553;828305;NellaDan;1983-02-16T08:00Z;16/2/1983 8:00;-65.20;107.43;x;x;36;7;11;14;3;1
554;828305;NellaDan;1983-02-16T14:00Z;16/2/1983 14:00;-64.40;105.33;x;x;22;0;17;3;2;0
555;828305;NellaDan;1983-02-16T20:00Z;16/2/1983 20:00;-64.03;102.52;x;x;37;10;19;7;1;0
556;828305;NellaDan;1983-02-17T08:00Z;17/2/1983 8:00;-63.57;97.17;x;x;32;11;17;4;0;0
557;828305;NellaDan;1983-02-17T14:00Z;17/2/1983 14:00;-63.70;94.45;x;x;13;10;3;0;0;0
558;828305;NellaDan;1983-02-17T17:20Z;17/2/1983 17:20;-63.78;92.72;x;x;18;6;11;1;0;0
559;828305;NellaDan;1983-02-17T20:00Z;17/2/1983 20:00;-63.88;91.55;x;x;20;9;9;2;0;0
560;828305;NellaDan;1983-02-18T04:00Z;18/2/1983 4:00;-64.37;87.78;x;x;9;3;4;2;0;0
561;828305;NellaDan;1983-02-18T09:45Z;18/2/1983 9:45;-64.85;84.77;x;x;23;12;11;0;0;0
562;828305;NellaDan;1983-02-18T10:50Z;18/2/1983 10:50;-65.83;84.70;x;x;10;5;4;1;0;0
563;828305;NellaDan;1983-02-18T13:00Z;18/2/1983 13:00;-65.00;83.45;x;x;17;10;5;2;0;0
564;828305;NellaDan;1983-02-18T16:00Z;18/2/1983 16:00;-65.32;81.93;x;x;24;8;9;6;1;0
565;828305;NellaDan;1983-02-19T09:00Z;19/2/1983 9:00;-66.83;76.25;x;x;10;8;1;1;0;0
566;828305;NellaDan;1983-02-19T11:15Z;19/2/1983 11:15;-67.27;76.33;x;x;10;3;3;2;1;1
567;828305;NellaDan;1983-02-19T15:00Z;19/2/1983 15:00;-68.13;75.45;x;x;31;0;10;17;3;1
568;828306;NotANARE;1983-02-17T23:45Z;17/2/1983 23:45;-52.82;119.45;x;x;1;1;0;0;0;0
569;828306;NotANARE;1983-02-18T04:42Z;18/2/1983 4:42;-52.17;120.97;x;x;1;1;0;0;0;0
570;828306;NotANARE;1983-02-18T09:02Z;18/2/1983 9:02;-51.77;122.25;x;x;1;1;0;0;0;0
571;828306;NotANARE;1983-02-18T09:44Z;18/2/1983 9:44;-51.70;122.52;x;x;2;1;1;0;0;0
572;828306;NotANARE;1983-02-18T10:25Z;18/2/1983 10:25;-51.62;122.73;x;x;2;1;1;0;0;0
573;828306;NotANARE;1983-02-18T22:29Z;18/2/1983 22:29;-49.92;126.18;x;x;1;1;0;0;0;0
574;828306;NotANARE;1983-02-18T23:10Z;18/2/1983 23:10;-49.78;126.45;x;x;1;1;0;0;0;0
575;828308;NellaDan;1983-03-09T06:00Z;9/3/1983 6:00;-64.85;67.13;x;x;3;2;1;0;0;0
576;828308;NellaDan;1983-03-09T09:00Z;9/3/1983 9:00;-64.58;68.15;x;x;1;1;0;0;0;0
577;828308;NellaDan;1983-03-09T12:00Z;9/3/1983 12:00;-63.15;69.15;x;x;2;0;2;0;0;0
578;828308;NellaDan;1983-03-09T15:00Z;9/3/1983 15:00;-63.07;70.00;x;x;0;0;0;0;0;0
579;828308;NellaDan;1983-03-09T18:00Z;9/3/1983 18:00;-62.13;71.05;x;x;1;0;0;0;0;0
580;828308;NellaDan;1983-03-09T21:00Z;9/3/1983 21:00;-62.03;71.10;x;x;1;0;0;0;0;0
581;828308;NellaDan;1983-03-10T00:00Z;10/3/1983 0:00;-61.10;71.15;x;x;0;0;0;0;0;0
582;828308;NellaDan;1983-03-10T03:00Z;10/3/1983 3:00;-61.00;72.50;x;x;1;1;0;0;0;0
583;828308;NellaDan;1983-03-10T09:00Z;10/3/1983 9:00;-59.67;72.83;x;x;0;0;0;0;0;0
584;828308;NellaDan;1983-03-10T12:00Z;10/3/1983 12:00;-59.17;73.00;x;x;0;0;0;0;0;0
585;828308;NellaDan;1983-03-19T00:00Z;19/3/1983 0:00;-51.70;129.00;x;x;1;1;0;0;0;0
586;828308;NellaDan;1983-03-19T06:00Z;19/3/1983 6:00;-51.17;130.80;x;x;4;1;3;0;0;0
587;828308;NellaDan;1983-03-19T21:00Z;19/3/1983 21:00;-50.00;135.33;x;x;1;1;0;0;0;0
588;828309;NanokS;1983-02-19T13:53Z;19/2/1983 13:53;-49.45;113.45;x;x;1;0;0;0;0;0
589;828309;NanokS;1983-02-24T02:11Z;24/2/1983 2:11;-56.80;90.45;x;x;1;0;0;1;0;0
590;828309;NanokS;1983-02-25T06:00Z;25/2/1983 6:00;-59.70;82.30;x;x;2;1;0;1;0;0
591;828309;NanokS;1983-03-25T03:35Z;25/3/1983 3:35;-55.43;107.78;x;x;1;0;0;1;0;0
592;828309;NanokS;1983-03-25T04:35Z;25/3/1983 4:35;-55.43;107.78;x;x;1;0;0;0;0;0
593;828309;NanokS;1983-03-25T06:00Z;25/3/1983 6:00;-55.38;108.78;x;x;1;0;0;1;0;0
594;828309;NanokS;1983-03-25T08:00Z;25/3/1983 8:00;-55.38;108.78;x;x;1;0;0;0;0;0
595;828309;NanokS;1983-03-25T10:55Z;25/3/1983 10:55;-55.12;110.43;x;x;1;0;0;0;0;0
596;828309;NanokS;1983-03-25T12:15Z;25/3/1983 12:15;-54.85;110.70;x;x;2;0;0;0;0;0
597;828309;NanokS;1983-03-25T17:10Z;25/3/1983 17:10;-54.23;113.00;x;x;1;0;0;0;0;0
598;828309;NanokS;1983-03-26T14:45Z;26/3/1983 14:45;-52.55;119.18;x;x;1;0;0;0;0;0
599;828309;NanokS;1983-03-26T17:30Z;26/3/1983 17:30;-52.03;119.70;x;x;1;0;0;0;0;0
600;828309;NanokS;1983-03-27T01:00Z;27/3/1983 1:00;-51.62;121.95;x;x;1;0;0;0;0;0
601;828309;NanokS;1983-03-27T02:30Z;27/3/1983 2:30;-51.23;122.57;x;x;1;0;0;0;0;0
602;828309;NanokS;1983-03-27T06:00Z;27/3/1983 6:00;-50.98;123.57;x;x;1;0;0;0;0;0
603;828309;NanokS;1983-03-27T10:15Z;27/3/1983 10:15;-50.55;125.28;x;x;2;0;0;0;0;0
604;828309;NanokS;1983-03-27T13:30Z;27/3/1983 13:30;-50.40;126.00;x;x;1;0;0;0;0;0
605;828309;NanokS;1983-03-27T22:30Z;27/3/1983 22:30;-49.23;128.27;x;x;1;0;0;0;0;0
606;828309;NanokS;1983-03-28T04:00Z;28/3/1983 4:00;-48.92;130.13;x;x;1;0;0;0;0;0
607;828309;NanokS;1983-03-28T05:45Z;28/3/1983 5:45;-48.77;130.62;x;x;1;0;0;0;0;0
608;828309;NanokS;1983-03-28T08:15Z;28/3/1983 8:15;-48.50;131.27;x;x;1;0;0;0;0;0
609;838401;NellaDan;1983-10-29T14:18Z;29/10/1983 14:18;-60.98;109.28;x;x;1;0;1;0;0;0
610;838401;NellaDan;1983-10-29T17:30Z;29/10/1983 17:30;-61.45;108.62;x;x;5;0;4;1;0;0
611;838401;NellaDan;1983-10-29T22:45Z;29/10/1983 22:45;-61.83;109.02;x;x;14;0;10;2;2;0
612;838401;NellaDan;1983-10-30T10:35Z;30/10/1983 10:35;-62.20;108.97;x;x;5;0;2;2;1;0
613;838401;NellaDan;1983-10-30T21:20Z;30/10/1983 21:20;-62.85;109.32;x;x;10;0;1;7;2;0
614;838401;NellaDan;1983-10-31T08:45Z;31/10/1983 8:45;-63.35;109.03;x;x;20;0;0;17;3;0
615;838401;NellaDan;1983-10-31T13:45Z;31/10/1983 13:45;-63.82;108.93;x;x;22;0;0;18;3;1
616;838401;NellaDan;1983-10-31T21:00Z;31/10/1983 21:00;-63.95;108.83;x;x;47;0;10;30;4;3
617;838401;NellaDan;1983-10-31T23:50Z;31/10/1983 23:50;-64.12;108.85;x;x;30;0;0;13;14;3
618;838401;NellaDan;1983-11-01T07:25Z;1/11/1983 7:25;-64.53;109.37;x;x;6;0;0;5;1;0
619;838401;NellaDan;1983-11-03T10:30Z;3/11/1983 10:30;-65.25;110.82;x;x;18;0;0;0;18;0
620;838401;NellaDan;1983-11-03T19:15Z;3/11/1983 19:15;-65.42;110.58;x;x;35;0;0;5;26;4
621;838401;NellaDan;1983-11-04T18:00Z;4/11/1983 18:00;-65.37;109.32;x;x;24;0;0;4;19;1
622;838401;NellaDan;1983-11-07T08:30Z;7/11/1983 8:30;-63.90;110.37;x;x;1;0;0;1;0;0
623;838401;NellaDan;1983-11-07T10:30Z;7/11/1983 10:30;-63.68;110.75;x;x;5;0;0;5;0;0
624;838401;NellaDan;1983-11-07T19:00Z;7/11/1983 19:00;-63.22;111.22;x;x;13;1;2;10;0;0
625;838401;NellaDan;1983-11-08T07:30Z;8/11/1983 7:30;-62.13;112.23;x;x;6;0;0;5;1;0
626;838401;NellaDan;1983-11-08T09:40Z;8/11/1983 9:40;-61.90;112.77;x;x;8;0;1;5;2;0
627;838401;NellaDan;1983-11-08T14:14Z;8/11/1983 14:14;-61.37;113.60;x;x;5;0;1;2;2;0
628;838401;NellaDan;1983-11-08T18:50Z;8/11/1983 18:50;-60.90;114.32;x;x;3;0;3;0;0;0
629;838402;NellaDan;1983-11-25T09:15Z;25/11/1983 9:15;-57.72;119.23;x;x;1;0;0;1;0;0
630;838402;NellaDan;1983-11-25T18:30Z;25/11/1983 18:30;-58.57;116.45;x;x;1;0;0;1;0;0
631;838402;NellaDan;1983-11-25T21:00Z;25/11/1983 21:00;-58.72;115.53;x;x;1;0;1;0;0;0
632;838402;NellaDan;1983-11-25T23:45Z;25/11/1983 23:45;-58.97;114.73;x;x;1;1;0;0;0;0
633;838402;NellaDan;1983-11-26T02:40Z;26/11/1983 2:40;-58.85;113.48;x;x;1;0;0;0;0;0
634;838402;NellaDan;1983-11-26T06:05Z;26/11/1983 6:05;-58.78;112.25;x;x;1;0;0;0;0;0
635;838402;NellaDan;1983-11-26T07:00Z;26/11/1983 7:00;-59.18;111.78;x;x;2;0;0;0;0;0
636;838402;NellaDan;1983-11-26T08:30Z;26/11/1983 8:30;-59.23;111.27;x;x;1;0;0;0;0;0
637;838402;NellaDan;1983-11-26T13:30Z;26/11/1983 13:30;-58.90;109.10;x;x;1;0;0;0;0;0
638;838402;NellaDan;1983-11-26T16:00Z;26/11/1983 16:00;-58.75;108.00;x;x;2;0;0;0;0;0
639;838402;NellaDan;1983-11-26T21:00Z;26/11/1983 21:00;-59.00;106.70;x;x;1;0;0;1;0;0
640;838402;NellaDan;1983-11-26T23:40Z;26/11/1983 23:40;-59.03;105.68;x;x;1;0;0;1;0;0
641;838402;NellaDan;1983-11-27T00:45Z;27/11/1983 0:45;-58.93;105.28;x;x;1;1;0;0;0;0
642;838402;NellaDan;1983-11-27T01:30Z;27/11/1983 1:30;-58.77;104.90;x;x;1;0;0;1;0;0
643;838402;NellaDan;1983-11-27T03:00Z;27/11/1983 3:00;-58.95;104.55;x;x;1;0;1;0;0;0
644;838402;NellaDan;1983-11-27T06:30Z;27/11/1983 6:30;-59.00;103.13;x;x;1;0;1;0;0;0
645;838402;NellaDan;1983-11-27T07:15Z;27/11/1983 7:15;-59.18;102.98;x;x;1;0;1;0;0;0
646;838402;NellaDan;1983-11-27T07:45Z;27/11/1983 7:45;-59.05;102.40;x;x;1;0;0;1;0;0
647;838402;NellaDan;1983-11-27T08:45Z;27/11/1983 8:45;-59.13;102.38;x;x;2;0;0;1;1;0
648;838402;NellaDan;1983-11-27T09:45Z;27/11/1983 9:45;-58.90;102.05;x;x;4;0;3;1;0;0
649;838402;NellaDan;1983-11-27T11:15Z;27/11/1983 11:15;-59.00;101.53;x;x;2;0;2;0;0;0
650;838402;NellaDan;1983-11-27T12:30Z;27/11/1983 12:30;-58.93;101.05;x;x;1;0;1;0;0;0
651;838402;NellaDan;1983-11-27T13:15Z;27/11/1983 13:15;-59.03;100.83;x;x;1;1;0;0;0;0
652;838402;NellaDan;1983-11-27T14:00Z;27/11/1983 14:00;-58.85;100.50;x;x;3;0;0;0;0;0
653;838402;NellaDan;1983-11-27T15:00Z;27/11/1983 15:00;-58.90;100.23;x;x;3;0;0;0;0;0
654;838402;NellaDan;1983-11-27T15:45Z;27/11/1983 15:45;-58.98;100.17;x;x;4;0;0;0;0;0
655;838402;NellaDan;1983-11-27T20:00Z;27/11/1983 20:00;-59.00;98.60;x;x;3;0;0;0;0;0
656;838402;NellaDan;1983-11-27T21:00Z;27/11/1983 21:00;-59.00;98.30;x;x;2;0;0;0;0;0
657;838402;NellaDan;1983-11-27T23:00Z;27/11/1983 23:00;-59.00;98.00;x;x;1;1;0;0;0;0
658;838402;NellaDan;1983-11-28T00:50Z;28/11/1983 0:50;-59.13;97.35;x;x;1;0;0;0;0;0
659;838402;NellaDan;1983-11-28T01:45Z;28/11/1983 1:45;-58.88;97.05;x;x;1;0;0;0;0;0
660;838402;NellaDan;1983-11-28T03:45Z;28/11/1983 3:45;-59.15;96.75;x;x;2;0;0;0;0;0
661;838402;NellaDan;1983-11-28T04:45Z;28/11/1983 4:45;-59.23;96.53;x;x;1;0;1;0;0;0
662;838402;NellaDan;1983-11-28T07:00Z;28/11/1983 7:00;-59.30;95.97;x;x;3;0;0;0;0;0
663;838402;NellaDan;1983-11-28T08:20Z;28/11/1983 8:20;-59.35;95.53;x;x;2;0;2;0;0;0
664;838402;NellaDan;1983-11-28T11:00Z;28/11/1983 11:00;-59.83;94.85;x;x;4;2;1;1;0;0
665;838402;NellaDan;1983-11-28T12:35Z;28/11/1983 12:35;-59.72;94.32;x;x;7;4;3;0;0;0
666;838402;NellaDan;1983-11-28T13:20Z;28/11/1983 13:20;-59.72;94.08;x;x;12;9;3;0;0;0
667;838402;NellaDan;1983-11-28T14:15Z;28/11/1983 14:15;-59.68;93.72;x;x;3;0;0;0;0;0
668;838402;NellaDan;1983-11-28T15:15Z;28/11/1983 15:15;-59.68;93.35;x;x;54;0;0;0;0;0
669;838402;NellaDan;1983-11-28T18:48Z;28/11/1983 18:48;-59.70;92.38;x;x;40;0;0;0;0;0
670;838402;NellaDan;1983-11-28T19:40Z;28/11/1983 19:40;-59.65;91.70;x;x;30;0;0;0;0;0
671;838402;NellaDan;1983-11-28T22:00Z;28/11/1983 22:00;-59.65;91.08;x;x;25;0;0;0;0;0
672;838402;NellaDan;1983-11-29T00:10Z;29/11/1983 0:10;-59.67;90.43;x;x;8;0;0;0;0;0
673;838402;NellaDan;1983-11-29T00:50Z;29/11/1983 0:50;-59.65;90.23;x;x;2;0;0;0;0;0
674;838402;NellaDan;1983-11-29T01:40Z;29/11/1983 1:40;-59.63;90.03;x;x;20;0;0;0;0;0
675;838402;NellaDan;1983-11-29T04:00Z;29/11/1983 4:00;-59.63;89.38;x;x;5;4;1;0;0;0
676;838402;NellaDan;1983-11-29T06:15Z;29/11/1983 6:15;-59.62;88.95;x;x;2;0;0;0;0;0
677;838402;NellaDan;1983-11-29T07:00Z;29/11/1983 7:00;-59.70;88.85;x;x;1;0;0;0;0;0
678;838402;NellaDan;1983-11-29T08:20Z;29/11/1983 8:20;-59.57;88.50;x;x;6;6;0;0;0;0
679;838402;NellaDan;1983-11-29T10:30Z;29/11/1983 10:30;-59.48;87.97;x;x;4;4;0;0;0;0
680;838402;NellaDan;1983-11-29T12:00Z;29/11/1983 12:00;-59.42;87.53;x;x;12;2;10;0;0;0
681;838402;NellaDan;1983-11-29T14:00Z;29/11/1983 14:00;-59.35;86.87;x;x;15;0;9;6;0;0
682;838402;NellaDan;1983-11-29T16:00Z;29/11/1983 16:00;-59.22;86.10;x;x;15;0;0;0;0;0
683;838402;NellaDan;1983-11-29T21:00Z;29/11/1983 21:00;-59.15;84.33;x;x;15;0;0;0;0;0
684;838402;NellaDan;1983-11-29T22:00Z;29/11/1983 22:00;-59.17;83.92;x;x;5;0;3;1;1;0
685;838402;NellaDan;1983-11-29T23:30Z;29/11/1983 23:30;-59.13;83.32;x;x;4;4;0;0;0;0
686;838402;NellaDan;1983-11-30T01:00Z;30/11/1983 1:00;-59.13;82.80;x;x;3;3;0;0;0;0
687;838402;NellaDan;1983-11-30T02:30Z;30/11/1983 2:30;-59.15;82.22;x;x;9;9;0;0;0;0
688;838402;NellaDan;1983-11-30T05:00Z;30/11/1983 5:00;-59.17;81.25;x;x;3;1;2;0;0;0
689;838402;NellaDan;1983-11-30T06:30Z;30/11/1983 6:30;-59.17;80.65;x;x;3;3;0;0;0;0
690;838402;NellaDan;1983-11-30T08:00Z;30/11/1983 8:00;-59.17;80.07;x;x;1;1;0;0;0;0
691;838402;NellaDan;1983-11-30T10:40Z;30/11/1983 10:40;-59.32;78.93;x;x;1;0;0;0;0;0
692;838402;NellaDan;1983-11-30T14:00Z;30/11/1983 14:00;-59.35;77.87;x;x;1;0;0;0;0;0
693;838402;NellaDan;1983-11-30T17:21Z;30/11/1983 17:21;-59.71;74.83;x;x;1;0;0;0;0;0
694;838402;NellaDan;1983-12-02T13:42Z;2/12/1983 13:42;-61.23;62.30;x;x;1;0;1;0;0;0
695;838402;NellaDan;1983-12-03T00:20Z;3/12/1983 0:20;-62.93;62.23;x;x;12;12;0;0;0;0
696;838402;NellaDan;1983-12-03T03:00Z;3/12/1983 3:00;-63.20;62.15;x;x;6;6;0;0;0;0
697;838402;NellaDan;1983-12-03T05:00Z;3/12/1983 5:00;-63.47;62.07;x;x;6;6;0;0;0;0
698;838402;NellaDan;1983-12-03T06:45Z;3/12/1983 6:45;-63.77;62.07;x;x;10;10;0;0;0;0
699;838402;NellaDan;1983-12-04T13:05Z;4/12/1983 13:05;-65.03;61.15;x;x;1;1;0;0;0;0
700;838402;NellaDan;1983-12-05T01:45Z;5/12/1983 1:45;-65.52;61.38;x;x;1;1;0;0;0;0
701;838402;NellaDan;1983-12-05T07:25Z;5/12/1983 7:25;-65.77;61.15;x;x;1;0;1;0;0;0
702;838402;NellaDan;1983-12-05T08:25Z;5/12/1983 8:25;-65.87;61.08;x;x;3;2;1;0;0;0
703;838402;NellaDan;1983-12-05T10:40Z;5/12/1983 10:40;-66.10;61.22;x;x;1;0;0;1;0;0
704;838402;NellaDan;1983-12-05T13:30Z;5/12/1983 13:30;-66.18;61.55;x;x;1;0;0;1;0;0
705;838402;NellaDan;1983-12-10T05:30Z;10/12/1983 5:30;-67.45;66.00;x;x;20;0;0;0;0;0
706;838402;NellaDan;1983-12-11T06:54Z;11/12/1983 6:54;-66.85;70.27;x;x;2;0;0;1;1;0
707;838402;NellaDan;1983-12-11T08:54Z;11/12/1983 8:54;-66.80;70.38;x;x;5;0;0;4;1;0
708;838402;NellaDan;1983-12-11T11:10Z;11/12/1983 11:10;-67.28;70.45;x;x;100;0;0;0;0;0
709;838402;NellaDan;1983-12-14T00:50Z;14/12/1983 0:50;-66.33;69.85;x;x;5;0;0;0;0;0
710;838402;NellaDan;1983-12-16T01:45Z;16/12/1983 1:45;-68.50;75.45;x;x;9;8;0;0;0;1
711;838402;NellaDan;1983-12-16T05:30Z;16/12/1983 5:30;-68.53;76.50;x;x;10;0;0;0;0;0
712;838402;NellaDan;1983-12-17T01:30Z;17/12/1983 1:30;-68.62;76.67;x;x;10;9;0;0;0;1
713;838402;NellaDan;1983-12-18T07:10Z;18/12/1983 7:10;-65.50;72.93;x;x;7;0;0;0;0;0
714;838402;NellaDan;1983-12-18T09:00Z;18/12/1983 9:00;-65.32;72.87;x;x;6;0;0;0;0;0
715;838402;NellaDan;1983-12-18T12:20Z;18/12/1983 12:20;-64.97;72.73;x;x;16;0;0;0;0;0
716;838402;NellaDan;1983-12-19T05:35Z;19/12/1983 5:35;-62.97;73.82;x;x;36;0;0;0;0;0
717;838402;NellaDan;1983-12-19T12:10Z;19/12/1983 12:10;-62.30;76.92;x;x;17;0;0;0;0;0
718;838402;NellaDan;1983-12-19T14:10Z;19/12/1983 14:10;-62.13;77.73;x;x;12;0;0;0;0;0
719;838402;NellaDan;1983-12-20T01:45Z;20/12/1983 1:45;-61.12;82.47;x;x;36;0;0;0;0;0
720;838402;NellaDan;1983-12-20T04:50Z;20/12/1983 4:50;-60.88;83.72;x;x;25;0;0;0;0;0
721;838402;NellaDan;1983-12-20T06:10Z;20/12/1983 6:10;-60.73;84.25;x;x;27;0;0;0;0;0
722;838402;NellaDan;1983-12-20T08:10Z;20/12/1983 8:10;-60.38;84.57;x;x;25;0;0;0;0;0
723;838402;NellaDan;1983-12-20T10:00Z;20/12/1983 10:00;-59.97;84.68;x;x;6;0;0;0;0;0
724;838402;NellaDan;1983-12-20T18:30Z;20/12/1983 18:30;-59.07;88.67;x;x;6;0;0;0;0;0
725;838402;NellaDan;1983-12-20T21:00Z;20/12/1983 21:00;-58.57;90.38;x;x;34;0;0;0;0;0
726;838402;NellaDan;1983-12-21T03:00Z;21/12/1983 3:00;-58.93;91.20;x;x;25;0;0;0;0;0
727;838402;NellaDan;1983-12-21T05:00Z;21/12/1983 5:00;-58.77;92.00;x;x;25;0;0;0;0;0
728;838402;NellaDan;1983-12-21T08:00Z;21/12/1983 8:00;-58.55;93.10;x;x;14;0;0;0;0;0
729;838402;NellaDan;1983-12-21T10:00Z;21/12/1983 10:00;-58.35;93.87;x;x;7;0;0;0;0;0
730;838402;NellaDan;1983-12-21T11:00Z;21/12/1983 11:00;-58.27;94.27;x;x;5;0;0;0;0;0
731;838402;NellaDan;1983-12-21T12:00Z;21/12/1983 12:00;-58.17;94.67;x;x;1;0;0;0;0;0
732;838402;NellaDan;1983-12-21T14:00Z;21/12/1983 14:00;-58.00;95.40;x;x;3;0;0;0;0;0
733;838402;NellaDan;1983-12-21T15:00Z;21/12/1983 15:00;-57.92;95.72;x;x;3;0;0;0;0;0
734;838402;NellaDan;1983-12-21T15:25Z;21/12/1983 15:25;-57.88;95.88;x;x;1;0;0;0;0;0
735;838402;NellaDan;1983-12-21T19:45Z;21/12/1983 19:45;-57.48;97.42;x;x;3;0;0;0;0;0
736;838402;NellaDan;1983-12-22T00:15Z;22/12/1983 0:15;-57.17;99.33;x;x;1;0;0;0;0;0
737;838402;NellaDan;1983-12-22T16:45Z;22/12/1983 16:45;-55.75;104.83;x;x;1;0;0;0;0;0
738;838403;NellaDan;1983-11-20T21:35Z;20/11/1983 21:35;-59.00;121.17;x;x;1;0;0;0;0;0
739;838403;NellaDan;1983-11-21T02:30Z;21/11/1983 2:30;-60.00;120.78;x;x;1;0;0;0;0;0
740;838403;NellaDan;1983-11-21T05:00Z;21/11/1983 5:00;-60.78;119.25;x;x;1;0;0;0;0;0
741;838403;NellaDan;1983-11-21T05:30Z;21/11/1983 5:30;-60.78;119.20;x;x;1;0;0;0;0;0
742;838403;NellaDan;1983-11-21T07:00Z;21/11/1983 7:00;-60.97;118.78;x;x;1;0;0;0;0;0
743;838403;NellaDan;1983-11-21T12:00Z;21/11/1983 12:00;-61.53;117.95;x;x;1;0;0;0;0;0
744;838403;NellaDan;1983-11-21T14:00Z;21/11/1983 14:00;-61.78;117.38;x;x;7;0;0;0;0;0
745;838403;NellaDan;1983-11-22T03:00Z;22/11/1983 3:00;-62.67;115.35;x;x;8;0;0;0;0;0
746;838403;NellaDan;1983-11-22T06:00Z;22/11/1983 6:00;-62.92;114.70;x;x;1;0;0;0;0;0
747;838403;NellaDan;1983-11-22T09:10Z;22/11/1983 9:10;-63.23;113.77;x;x;12;0;0;0;0;0
748;838403;NellaDan;1983-11-22T12:00Z;22/11/1983 12:00;-63.38;113.30;x;x;8;0;0;0;0;0
749;838403;NellaDan;1983-11-22T15:00Z;22/11/1983 15:00;-63.62;112.72;x;x;8;0;0;0;0;0
750;838403;NellaDan;1983-11-22T22:00Z;22/11/1983 22:00;-64.02;111.92;x;x;1;0;0;0;0;0
751;838403;NellaDan;1983-11-23T07:00Z;23/11/1983 7:00;-64.47;111.15;x;x;11;0;0;0;0;0
752;838403;NellaDan;1983-11-23T12:30Z;23/11/1983 12:30;-64.07;111.75;x;x;8;0;0;0;0;0
753;838403;NellaDan;1983-11-23T14:00Z;23/11/1983 14:00;-65.02;110.32;x;x;12;0;0;0;0;0
754;838404;NotANARE;1983-11-29T05:33Z;29/11/1983 5:33;-60.60;120.33;x;x;1;0;0;1;0;0
755;838404;NotANARE;1983-11-29T05:55Z;29/11/1983 5:55;-60.70;119.58;x;x;1;0;0;1;0;0
756;838404;NotANARE;1983-11-29T12:01Z;29/11/1983 12:01;-61.12;118.35;x;x;5;2;0;3;0;0
757;838404;NotANARE;1983-11-29T16:00Z;29/11/1983 16:00;-61.50;117.42;x;x;4;0;3;0;0;1
758;838404;NotANARE;1983-11-29T20:02Z;29/11/1983 20:02;-62.10;116.15;x;x;20;15;0;1;1;3
759;838404;NotANARE;1983-11-30T02:00Z;30/11/1983 2:00;-62.32;115.42;x;x;30;0;0;0;0;0
760;838404;NotANARE;1983-11-30T03:50Z;30/11/1983 3:50;-62.37;115.18;x;x;40;0;0;0;0;0
761;838404;NotANARE;1983-11-30T09:14Z;30/11/1983 9:14;-62.55;114.43;x;x;40;0;0;0;0;0
762;838404;NotANARE;1983-11-30T23:26Z;30/11/1983 23:26;-63.37;112.87;x;x;10;0;0;0;0;0
763;838404;NotANARE;1983-12-01T05:00Z;1/12/1983 5:00;-63.57;112.57;x;x;20;0;0;0;0;0
764;838404;NotANARE;1983-12-01T11:53Z;1/12/1983 11:53;-64.05;111.82;x;x;30;0;0;0;0;0
765;838404;NotANARE;1983-12-03T80:45Z;3/12/1983 80:45;-65.85;109.77;x;x;30;0;0;0;0;0
766;838404;NotANARE;1983-12-07T00:30Z;7/12/1983 0:30;-63.15;109.07;x;x;27;0;0;0;0;0
767;838404;NotANARE;1983-12-08T01:22Z;8/12/1983 1:22;-61.52;110.97;x;x;31;0;0;0;0;0
768;838404;NotANARE;1983-12-08T12:28Z;8/12/1983 12:28;-60.10;113.93;x;x;2;0;0;0;0;0
769;838405;NellaDan;1984-01-10T03:45Z;10/1/1984 3:45;-61.42;109.17;x;x;1;0;0;0;0;1
770;838405;NellaDan;1984-01-10T05:50Z;10/1/1984 5:50;-61.57;108.35;x;x;1;0;0;0;1;0
771;838405;NellaDan;1984-01-10T07:55Z;10/1/1984 7:55;-61.72;107.55;x;x;2;0;0;1;1;0
772;838405;NellaDan;1984-01-10T09:55Z;10/1/1984 9:55;-61.87;106.77;x;x;5;1;2;2;0;0
773;838405;NellaDan;1984-01-10T11:50Z;10/1/1984 11:50;-62.00;106.02;x;x;10;0;6;4;0;0
774;838405;NellaDan;1984-01-10T13:59Z;10/1/1984 13:59;-62.02;105.20;x;x;28;2;9;14;3;0
775;838405;NellaDan;1984-01-10T15:50Z;10/1/1984 15:50;-62.03;104.48;x;x;26;10;13;3;0;0
776;838405;NellaDan;1984-01-10T17:50Z;10/1/1984 17:50;-62.02;103.67;x;x;9;0;0;0;0;0
777;838405;NellaDan;1984-01-10T20:00Z;10/1/1984 20:00;-62.00;102.75;x;x;7;0;4;3;0;0
778;838405;NellaDan;1984-01-10T23:45Z;10/1/1984 23:45;-62.07;101.17;x;x;40;9;17;14;0;0
779;838405;NellaDan;1984-01-11T01:50Z;11/1/1984 1:50;-62.12;100.27;x;x;68;0;0;0;0;0
780;838405;NellaDan;1984-01-11T03:50Z;11/1/1984 3:50;-62.15;99.40;x;x;41;0;0;0;0;0
781;838405;NellaDan;1984-01-11T06:00Z;11/1/1984 6:00;-62.17;98.40;x;x;60;0;0;0;0;0
782;838405;NellaDan;1984-01-11T08:00Z;11/1/1984 8:00;-62.22;97.58;x;x;64;0;0;0;0;0
783;838405;NellaDan;1984-01-11T09:55Z;11/1/1984 9:55;-62.25;96.72;x;x;53;0;0;0;0;0
784;838405;NellaDan;1984-01-11T11:55Z;11/1/1984 11:55;-62.28;95.83;x;x;56;25;20;9;2;0
785;838405;NellaDan;1984-01-11T14:00Z;11/1/1984 14:00;-62.30;94.93;x;x;66;18;30;15;3;0
786;838405;NellaDan;1984-01-11T16:00Z;11/1/1984 16:00;-62.33;94.02;x;x;35;0;0;0;0;0
787;838405;NellaDan;1984-01-11T18:00Z;11/1/1984 18:00;-62.37;93.07;x;x;30;20;10;0;0;0
788;838405;NellaDan;1984-01-11T19:57Z;11/1/1984 19:57;-62.42;92.17;x;x;46;0;0;0;0;0
789;838405;NellaDan;1984-01-11T22:03Z;11/1/1984 22:03;-62.45;91.23;x;x;38;0;0;0;0;0
790;838405;NellaDan;1984-01-11T23:53Z;11/1/1984 23:53;-62.43;90.45;x;x;29;0;0;0;0;0
791;838405;NellaDan;1984-01-12T01:00Z;12/1/1984 1:00;-62.50;88.67;x;x;47;14;18;11;4;0
792;838405;NellaDan;1984-01-12T02:00Z;12/1/1984 2:00;-62.47;89.58;x;x;23;10;8;5;0;0
793;838405;NellaDan;1984-01-12T06:00Z;12/1/1984 6:00;-62.53;87.80;x;x;47;0;0;0;0;0
794;838405;NellaDan;1984-01-12T07:50Z;12/1/1984 7:50;-62.52;87.32;x;x;50;17;3;24;6;0
795;838405;NellaDan;1984-01-12T10:20Z;12/1/1984 10:20;-62.55;86.30;x;x;29;0;0;0;0;0
796;838405;NellaDan;1984-01-12T16:00Z;12/1/1984 16:00;-62.57;83.88;x;x;39;22;10;5;1;1
797;838405;NellaDan;1984-01-12T18:00Z;12/1/1984 18:00;-63.58;83.03;x;x;46;0;0;0;0;0
798;838405;NellaDan;1984-01-12T22:30Z;12/1/1984 22:30;-63.65;81.08;x;x;45;11;12;14;7;1
799;838405;NellaDan;1984-01-13T00:20Z;13/1/1984 0:20;-62.68;80.30;x;x;10;0;2;8;0;0
800;838405;NellaDan;1984-01-13T02:10Z;13/1/1984 2:10;-62.72;79.62;x;x;18;5;11;2;0;0
801;838405;NellaDan;1984-01-13T06:09Z;13/1/1984 6:09;-62.98;78.13;x;x;44;18;10;11;5;0
802;838405;NellaDan;1984-01-13T08:00Z;13/1/1984 8:00;-62.97;77.70;x;x;51;0;0;0;0;0
803;838405;NellaDan;1984-01-13T12:00Z;13/1/1984 12:00;-62.75;75.73;x;x;9;0;0;0;0;0
804;838405;NellaDan;1984-01-13T14:00Z;13/1/1984 14:00;-62.93;74.92;x;x;13;2;4;5;2;0
805;838405;NellaDan;1984-01-13T16:00Z;13/1/1984 16:00;-62.97;74.47;x;x;17;2;2;13;0;0
806;838405;NellaDan;1984-01-14T00:00Z;14/1/1984 0:00;-63.28;72.87;x;x;12;4;4;4;0;0
807;838405;NellaDan;1984-01-14T02:00Z;14/1/1984 2:00;-63.70;72.90;x;x;5;0;0;0;0;0
808;838405;NellaDan;1984-01-14T05:30Z;14/1/1984 5:30;-64.00;73.50;x;x;10;0;2;6;2;0
809;838405;NellaDan;1984-01-14T06:00Z;14/1/1984 6:00;-64.35;73.85;x;x;15;7;4;1;3;0
810;838405;NellaDan;1984-01-14T18:00Z;14/1/1984 18:00;-66.22;74.77;x;x;25;9;8;8;0;0
811;838405;NellaDan;1984-01-14T20:00Z;14/1/1984 20:00;-66.68;75.17;x;x;12;9;0;3;0;0
812;838405;NellaDan;1984-01-15T01:00Z;15/1/1984 1:00;-67.17;75.80;x;x;12;4;2;4;2;0
813;838405;NellaDan;1984-01-15T02:00Z;15/1/1984 2:00;-67.67;76.12;x;x;3;0;3;0;0;0
814;838405;NellaDan;1984-01-15T04:00Z;15/1/1984 4:00;-67.63;74.83;x;x;3;0;3;0;0;0
815;838405;NellaDan;1984-01-16T06:02Z;16/1/1984 6:02;-67.33;74.23;x;x;2;0;0;0;0;0
816;838405;NellaDan;1984-01-16T08:00Z;16/1/1984 8:00;-67.15;73.45;x;x;4;0;0;0;0;0
817;838405;NellaDan;1984-01-16T10:00Z;16/1/1984 10:00;-67.07;73.07;x;x;8;5;3;0;0;0
818;838405;NellaDan;1984-01-16T12:00Z;16/1/1984 12:00;-66.95;73.02;x;x;9;6;0;2;1;0
819;838405;NellaDan;1984-01-16T16:00Z;16/1/1984 16:00;-66.62;72.93;x;x;15;0;0;0;0;0
820;838405;NellaDan;1984-01-16T18:00Z;16/1/1984 18:00;-66.42;72.95;x;x;14;8;5;1;0;0
821;838405;NellaDan;1984-01-16T20:00Z;16/1/1984 20:00;-66.17;73.02;x;x;15;8;3;4;0;0
822;838405;NellaDan;1984-01-17T10:00Z;17/1/1984 10:00;-64.97;72.92;x;x;17;9;2;6;0;0
823;838405;NellaDan;1984-01-17T15:00Z;17/1/1984 15:00;-64.98;71.67;x;x;20;16;1;3;0;0
824;838405;NellaDan;1984-01-17T17:00Z;17/1/1984 17:00;-65.05;71.02;x;x;12;10;2;0;0;0
825;838405;NellaDan;1984-01-18T05:00Z;18/1/1984 5:00;-65.50;65.93;x;x;8;5;2;1;0;0
826;838405;NellaDan;1984-01-18T11:00Z;18/1/1984 11:00;-65.95;63.67;x;x;10;5;3;2;0;0
827;838405;NellaDan;1984-01-18T13:00Z;18/1/1984 13:00;-66.07;62.78;x;x;4;1;2;1;0;0
828;838405;NellaDan;1984-01-18T15:00Z;18/1/1984 15:00;-66.23;61.80;x;x;3;0;1;2;0;0
829;838405;NellaDan;1984-01-18T17:00Z;18/1/1984 17:00;-66.32;61.28;x;x;4;3;1;0;0;0
830;838405;NellaDan;1984-01-19T07:00Z;19/1/1984 7:00;-66.10;57.75;x;x;35;10;20;5;0;0
831;838405;NellaDan;1984-01-19T16:00Z;19/1/1984 16:00;-65.55;58.02;x;x;13;10;0;3;0;0
832;838405;NellaDan;1984-01-19T18:00Z;19/1/1984 18:00;-65.48;57.97;x;x;13;2;8;3;0;0
833;838405;NellaDan;1984-01-20T00:30Z;20/1/1984 0:30;-64.63;58.00;x;x;8;2;4;1;1;0
834;838405;NellaDan;1984-01-20T07:00Z;20/1/1984 7:00;-64.00;58.00;x;x;4;2;1;1;0;0
835;838405;NellaDan;1984-01-20T10:00Z;20/1/1984 10:00;-63.83;58.07;x;x;1;0;1;0;0;0
836;838405;NellaDan;1984-01-21T03:00Z;21/1/1984 3:00;-63.17;60.03;x;x;2;0;2;0;0;0
837;838405;NellaDan;1984-01-21T07:00Z;21/1/1984 7:00;-63.98;60.00;x;x;4;0;3;1;0;0
838;838405;NellaDan;1984-01-21T09:00Z;21/1/1984 9:00;-64.18;60.02;x;x;16;6;6;4;0;0
839;838405;NellaDan;1984-01-21T13:00Z;21/1/1984 13:00;-64.92;59.98;x;x;8;2;5;1;0;0
840;838405;NellaDan;1984-01-21T17:30Z;21/1/1984 17:30;-65.37;59.95;x;x;12;0;0;0;0;0
841;838405;NellaDan;1984-01-22T03:00Z;22/1/1984 3:00;-66.03;60.98;x;x;7;3;2;2;0;0
842;838405;NellaDan;1984-01-22T06:00Z;22/1/1984 6:00;-65.98;61.17;x;x;4;0;0;0;0;0
843;838405;NellaDan;1984-01-22T10:00Z;22/1/1984 10:00;-66.02;62.02;x;x;5;0;0;0;0;0
844;838405;NellaDan;1984-01-22T17:30Z;22/1/1984 17:30;-65.75;62.72;x;x;5;0;0;0;0;0
845;838405;NellaDan;1984-01-23T13:00Z;23/1/1984 13:00;-66.00;61.97;x;x;8;0;7;1;0;0
846;838405;NellaDan;1984-01-24T00:00Z;24/1/1984 0:00;-66.50;62.13;x;x;3;0;0;0;0;0
847;838405;NellaDan;1984-01-24T02:40Z;24/1/1984 2:40;-66.95;63.03;x;x;188;0;0;0;0;0
848;838405;NellaDan;1984-02-05T09:00Z;5/2/1984 9:00;-64.77;73.10;x;x;6;3;1;2;0;0
849;838405;NellaDan;1984-02-05T11:00Z;5/2/1984 11:00;-64.57;74.03;x;x;4;1;1;2;0;0
850;838405;NellaDan;1984-02-05T13:00Z;5/2/1984 13:00;-64.40;74.80;x;x;11;4;4;3;0;0
851;838405;NellaDan;1984-02-05T17:00Z;5/2/1984 17:00;-64.02;76.47;x;x;22;0;0;0;0;0
852;838405;NellaDan;1984-02-05T19:00Z;5/2/1984 19:00;-63.87;77.08;x;x;23;0;0;0;0;0
853;838405;NellaDan;1984-02-05T50:07Z;5/2/1984 50:07;-65.00;71.40;x;x;12;7;0;5;0;0
854;838405;NellaDan;1984-02-05T60:59Z;5/2/1984 60:59;-64.95;72.20;x;x;8;6;0;2;0;0
855;838405;NellaDan;1984-02-06T02:00Z;6/2/1984 2:00;-63.28;79.90;x;x;4;3;0;1;0;0
856;838405;NellaDan;1984-02-06T08:00Z;6/2/1984 8:00;-62.95;80.90;x;x;20;0;0;0;0;0
857;838405;NellaDan;1984-02-06T10:00Z;6/2/1984 10:00;-62.72;81.42;x;x;32;0;0;0;0;0
858;838405;NellaDan;1984-02-06T12:00Z;6/2/1984 12:00;-62.47;81.95;x;x;12;0;0;0;0;0
859;838405;NellaDan;1984-02-06T14:13Z;6/2/1984 14:13;-62.18;82.55;x;x;25;0;0;0;0;0
860;838405;NellaDan;1984-02-06T16:00Z;6/2/1984 16:00;-61.95;83.03;x;x;21;0;0;0;0;0
861;838405;NellaDan;1984-02-06T18:00Z;6/2/1984 18:00;-61.73;83.55;x;x;24;0;0;0;0;0
862;838405;NellaDan;1984-02-06T21:10Z;6/2/1984 21:10;-61.67;84.15;x;x;47;0;0;0;0;0
863;838405;NellaDan;1984-02-06T23:56Z;6/2/1984 23:56;-61.42;85.18;x;x;3;0;0;0;0;0
864;838405;NellaDan;1984-02-07T03:00Z;7/2/1984 3:00;-60.52;85.95;x;x;64;0;0;0;0;0
865;838405;NellaDan;1984-02-07T05:00Z;7/2/1984 5:00;-60.30;86.57;x;x;50;0;0;0;0;0
866;838405;NellaDan;1984-02-07T07:00Z;7/2/1984 7:00;-60.07;87.13;x;x;54;0;0;0;0;0
867;838405;NellaDan;1984-02-07T09:00Z;7/2/1984 9:00;-59.73;87.62;x;x;25;0;0;0;0;0
868;838405;NellaDan;1984-02-07T21:00Z;7/2/1984 21:00;-58.10;90.82;x;x;1;0;0;0;0;0
869;838405;NellaDan;1984-02-08T05:20Z;8/2/1984 5:20;-57.22;93.32;x;x;2;0;2;0;0;0
870;838407;NanokS;1984-02-07T21:00Z;7/2/1984 21:00;-60.33;118.70;x;x;1;0;1;0;0;0
871;838407;NanokS;1984-02-08T00:00Z;8/2/1984 0:00;-61.00;118.23;x;x;1;0;0;1;0;0
872;838407;NanokS;1984-02-08T04:00Z;8/2/1984 4:00;-61.65;117.17;x;x;1;0;0;0;0;1
873;838407;NanokS;1984-02-08T06:00Z;8/2/1984 6:00;-61.97;116.55;x;x;2;0;0;0;2;0
874;838407;NanokS;1984-02-08T08:00Z;8/2/1984 8:00;-62.25;115.74;x;x;1;0;0;0;0;1
875;838407;NanokS;1984-02-08T10:00Z;8/2/1984 10:00;-62.53;115.35;x;x;7;0;0;2;1;4
876;838407;NanokS;1984-02-08T12:00Z;8/2/1984 12:00;-62.82;114.73;x;x;3;0;0;0;0;3
877;838407;NanokS;1984-02-08T14:00Z;8/2/1984 14:00;-63.10;114.08;x;x;5;0;0;1;2;2
878;838407;NanokS;1984-02-08T23:15Z;8/2/1984 23:15;-64.53;111.05;x;x;19;1;1;4;7;6
879;838407;NanokS;1984-02-09T01:00Z;9/2/1984 1:00;-64.67;110.47;x;x;4;0;0;0;3;1
880;838407;NanokS;1984-02-09T03:00Z;9/2/1984 3:00;-64.10;109.93;x;x;8;0;0;1;4;3
881;838407;NanokS;1984-02-13T00:00Z;13/2/1984 0:00;-64.55;107.23;x;x;9;0;2;2;3;2
882;838407;NanokS;1984-02-13T03:20Z;13/2/1984 3:20;-64.20;106.32;x;x;20;0;4;7;5;4
883;838407;NanokS;1984-02-13T05:15Z;13/2/1984 5:15;-63.98;105.75;x;x;20;0;0;6;10;4
884;838407;NanokS;1984-02-13T07:15Z;13/2/1984 7:15;-63.75;105.10;x;x;23;0;0;10;10;3
885;838407;NanokS;1984-02-13T09:20Z;13/2/1984 9:20;-63.48;104.40;x;x;25;0;2;8;10;5
886;838407;NanokS;1984-02-13T11:20Z;13/2/1984 11:20;-63.23;103.63;x;x;27;1;1;7;14;4
887;838407;NanokS;1984-02-13T13:17Z;13/2/1984 13:17;-63.05;103.08;x;x;27;0;4;5;16;2
888;838407;NanokS;1984-02-13T15:15Z;13/2/1984 15:15;-63.03;102.23;x;x;27;0;4;9;10;4
889;838407;NanokS;1984-02-13T23:45Z;13/2/1984 23:45;-63.05;98.28;x;x;55;0;13;15;19;8
890;838407;NanokS;1984-02-14T01:45Z;14/2/1984 1:45;-63.00;97.42;x;x;78;0;20;20;30;8
891;838407;NanokS;1984-02-14T03:45Z;14/2/1984 3:45;-62.98;96.53;x;x;136;20;30;30;40;16
892;838407;NanokS;1984-02-14T05:40Z;14/2/1984 5:40;-62.98;95.82;x;x;150;0;30;50;50;20
893;838407;NanokS;1984-02-14T07:45Z;14/2/1984 7:45;-62.93;94.95;x;x;122;0;30;20;60;12
894;838407;NanokS;1984-02-14T09:45Z;14/2/1984 9:45;-62.97;94.20;x;x;160;0;30;60;60;10
895;838407;NanokS;1984-02-14T13:00Z;14/2/1984 13:00;-62.98;92.87;x;x;60;0;14;20;22;4
896;838407;NanokS;1984-02-14T14:50Z;14/2/1984 14:50;-62.98;92.12;x;x;30;0;17;12;1;0
897;838407;NanokS;1984-02-14T16:20Z;14/2/1984 16:20;-62.98;92.53;x;x;34;0;10;12;9;3
898;838407;NanokS;1984-02-15T02:45Z;15/2/1984 2:45;-63.50;87.63;x;x;11;0;0;3;8;0
899;838407;NanokS;1984-02-15T06:40Z;15/2/1984 6:40;-63.77;86.23;x;x;30;0;3;9;12;6
900;838407;NanokS;1984-02-15T08:40Z;15/2/1984 8:40;-63.90;85.48;x;x;27;0;3;5;10;9
901;838407;NanokS;1984-02-15T11:20Z;15/2/1984 11:20;-64.10;84.55;x;x;33;0;4;7;14;8
902;838407;NanokS;1984-02-15T13:10Z;15/2/1984 13:10;-64.22;83.97;x;x;73;0;10;20;25;18
903;838407;NanokS;1984-02-15T15:10Z;15/2/1984 15:10;-64.33;83.23;x;x;42;0;10;24;6;2
904;838407;NanokS;1984-02-15T17:00Z;15/2/1984 17:00;-64.47;82.53;x;x;58;0;10;30;10;8
905;838407;NanokS;1984-02-16T00:45Z;16/2/1984 0:45;-65.17;79.62;x;x;53;10;10;10;15;8
906;838407;NanokS;1984-02-16T03:15Z;16/2/1984 3:15;-65.72;78.95;x;x;40;2;8;10;10;10
907;838407;NanokS;1984-02-16T05:30Z;16/2/1984 5:30;-66.08;78.38;x;x;42;5;5;8;16;8
908;838407;NanokS;1984-02-16T07:30Z;16/2/1984 7:30;-66.42;77.78;x;x;100;2;20;50;20;8
909;838407;NanokS;1984-02-16T09:20Z;16/2/1984 9:20;-66.53;77.02;x;x;100;0;25;60;10;5
910;838407;NanokS;1984-02-16T11:15Z;16/2/1984 11:15;-66.87;76.42;x;x;102;10;40;40;10;2
911;838407;NanokS;1984-02-16T13:20Z;16/2/1984 13:20;-67.28;76.57;x;x;23;0;6;11;4;2
912;838407;NanokS;1984-02-16T15:15Z;16/2/1984 15:15;-67.60;76.80;x;x;30;0;9;10;8;3
913;838407;NanokS;1984-02-16T16:00Z;16/2/1984 16:00;-67.75;76.85;x;x;24;0;7;8;9;0
914;838408;NellaDan;1984-02-24T13:30Z;24/2/1984 13:30;-61.00;110.90;x;x;1;0;0;0;0;0
915;838408;NellaDan;1984-02-24T15:00Z;24/2/1984 15:00;-61.18;110.63;x;x;1;0;0;0;0;0
916;838408;NellaDan;1984-02-24T18:00Z;24/2/1984 18:00;-61.43;109.25;x;x;5;0;0;0;0;0
917;838408;NellaDan;1984-02-24T19:30Z;24/2/1984 19:30;-61.60;108.75;x;x;3;0;0;0;0;0
918;838408;NellaDan;1984-02-25T00:00Z;25/2/1984 0:00;-61.83;107.10;x;x;6;0;3;3;0;0
919;838408;NellaDan;1984-02-25T02:00Z;25/2/1984 2:00;-62.02;106.35;x;x;6;0;2;3;1;0
920;838408;NellaDan;1984-02-25T04:00Z;25/2/1984 4:00;-62.15;105.62;x;x;14;0;4;10;0;0
921;838408;NellaDan;1984-02-25T06:00Z;25/2/1984 6:00;-62.25;104.92;x;x;12;0;8;4;0;0
922;838408;NellaDan;1984-02-25T08:00Z;25/2/1984 8:00;-62.33;104.33;x;x;13;0;8;5;0;0
923;838408;NellaDan;1984-02-25T10:00Z;25/2/1984 10:00;-62.38;103.78;x;x;15;0;9;6;0;0
924;838408;NellaDan;1984-02-25T14:00Z;25/2/1984 14:00;-62.43;102.98;x;x;17;0;0;0;0;0
925;838408;NellaDan;1984-02-25T16:00Z;25/2/1984 16:00;-62.45;102.63;x;x;34;0;0;0;0;0
926;838408;NellaDan;1984-02-25T18:00Z;25/2/1984 18:00;-62.45;102.37;x;x;25;0;0;0;0;0
927;838408;NellaDan;1984-02-25T20:00Z;25/2/1984 20:00;-62.80;100.63;x;x;15;0;0;0;0;0
928;838408;NellaDan;1984-02-25T22:00Z;25/2/1984 22:00;-62.83;99.60;x;x;17;0;0;0;0;0
929;838408;NellaDan;1984-02-26T00:00Z;26/2/1984 0:00;-62.83;98.90;x;x;11;8;0;3;0;0
930;838408;NellaDan;1984-02-26T02:00Z;26/2/1984 2:00;-62.98;97.90;x;x;25;5;10;10;0;0
931;838408;NellaDan;1984-02-26T06:00Z;26/2/1984 6:00;-63.08;96.35;x;x;66;0;0;0;0;0
932;838408;NellaDan;1984-02-26T08:00Z;26/2/1984 8:00;-63.17;95.67;x;x;64;0;0;0;0;0
933;838408;NellaDan;1984-02-26T18:30Z;26/2/1984 18:30;-63.40;92.13;x;x;34;0;0;0;0;0
934;838408;NellaDan;1984-02-26T22:00Z;26/2/1984 22:00;-63.42;91.10;x;x;8;0;0;0;0;0
935;838408;NellaDan;1984-02-27T00:00Z;27/2/1984 0:00;-63.33;90.48;x;x;9;0;0;0;0;0
936;838408;NellaDan;1984-02-27T05:00Z;27/2/1984 5:00;-63.52;88.82;x;x;15;5;5;5;0;0
937;838408;NellaDan;1984-02-27T07:00Z;27/2/1984 7:00;-63.53;87.97;x;x;16;0;0;0;0;0
938;838408;NellaDan;1984-02-27T10:00Z;27/2/1984 10:00;-63.55;86.67;x;x;19;0;10;5;4;0
939;838408;NellaDan;1984-02-27T12:00Z;27/2/1984 12:00;-63.55;85.87;x;x;28;0;15;5;7;1
940;838408;NellaDan;1984-02-27T14:30Z;27/2/1984 14:30;-63.55;84.80;x;x;27;0;20;3;4;0
941;838408;NellaDan;1984-02-27T17:00Z;27/2/1984 17:00;-63.55;83.58;x;x;10;0;0;0;0;0
942;838408;NellaDan;1984-02-27T21:00Z;27/2/1984 21:00;-63.50;81.90;x;x;20;0;0;0;0;0
943;838408;NellaDan;1984-02-28T00:00Z;28/2/1984 0:00;-63.50;80.60;x;x;17;0;14;3;0;0
944;838408;NellaDan;1984-02-28T03:00Z;28/2/1984 3:00;-63.57;79.30;x;x;12;0;7;5;0;0
945;838408;NellaDan;1984-02-28T03:30Z;28/2/1984 3:30;-63.47;78.73;x;x;17;0;6;8;3;0
946;838408;NellaDan;1984-02-28T05:00Z;28/2/1984 5:00;-63.82;79.82;x;x;7;0;3;3;1;0
947;838408;NellaDan;1984-02-28T07:00Z;28/2/1984 7:00;-64.23;78.50;x;x;23;6;10;7;0;0
948;838408;NellaDan;1984-02-28T09:00Z;28/2/1984 9:00;-64.60;78.28;x;x;18;0;0;0;0;0
949;838408;NellaDan;1984-02-28T12:00Z;28/2/1984 12:00;-65.10;77.90;x;x;40;0;0;0;0;0
950;838408;NellaDan;1984-02-28T15:00Z;28/2/1984 15:00;-65.70;77.42;x;x;26;7;4;10;5;0
951;838408;NellaDan;1984-02-28T17:00Z;28/2/1984 17:00;-66.07;77.10;x;x;47;0;0;0;0;0
952;838408;NellaDan;1984-02-28T22:30Z;28/2/1984 22:30;-66.82;75.87;x;x;21;0;0;0;0;0
953;838408;NellaDan;1984-03-03T03:00Z;3/3/1984 3:00;-67.50;72.87;x;x;15;0;11;3;1;0
954;838408;NellaDan;1984-03-03T05:00Z;3/3/1984 5:00;-67.43;72.23;x;x;25;20;4;1;0;0
955;838408;NellaDan;1984-03-03T07:00Z;3/3/1984 7:00;-67.18;71.20;x;x;41;0;0;0;0;0
956;838408;NellaDan;1984-03-03T09:00Z;3/3/1984 9:00;-66.90;70.40;x;x;81;0;0;0;0;0
957;838408;NellaDan;1984-03-03T10:00Z;3/3/1984 10:00;-66.82;69.47;x;x;12;0;10;2;0;0
958;838408;NellaDan;1984-03-03T13:00Z;3/3/1984 13:00;-66.80;68.45;x;x;8;3;4;1;0;0
959;838408;NellaDan;1984-03-03T15:00Z;3/3/1984 15:00;-66.73;67.22;x;x;4;0;0;4;0;0
960;838408;NellaDan;1984-03-03T17:00Z;3/3/1984 17:00;-66.70;66.42;x;x;10;0;0;0;0;0
961;838408;NellaDan;1984-03-03T23:00Z;3/3/1984 23:00;-66.57;63.45;x;x;9;0;0;0;0;0
962;838408;NellaDan;1984-03-06T19:00Z;6/3/1984 19:00;-66.33;63.68;x;x;9;0;2;4;2;1
963;838408;NellaDan;1984-03-06T23:00Z;6/3/1984 23:00;-65.70;64.53;x;x;8;0;6;2;0;0
964;838408;NellaDan;1984-03-07T01:00Z;7/3/1984 1:00;-65.33;64.87;x;x;6;0;2;1;3;0
965;838408;NellaDan;1984-03-07T03:00Z;7/3/1984 3:00;-64.97;65.28;x;x;8;0;6;2;0;0
966;838408;NellaDan;1984-03-07T05:00Z;7/3/1984 5:00;-64.52;65.72;x;x;5;0;3;2;0;0
967;838408;NellaDan;1984-03-07T07:00Z;7/3/1984 7:00;-64.12;66.13;x;x;3;0;3;0;0;0
968;838408;NellaDan;1984-03-07T11:00Z;7/3/1984 11:00;-63.32;66.95;x;x;1;0;1;0;0;0
969;838408;NellaDan;1984-03-08T01:00Z;8/3/1984 1:00;-60.50;69.57;x;x;1;0;0;1;0;0
970;838408;NellaDan;1984-03-08T03:00Z;8/3/1984 3:00;-60.22;69.92;x;x;1;0;1;0;0;0
